run_id,stock,model,position,returns,strategy_ret,equity,date
20260420_0610,xg_MSFT_rf,xgboost,0.0,0.0137916816502612,0.0,1.0,
20260420_0610,xg_MSFT_rf,xgboost,9.577316057012062,-0.0771564077716857,-0.7437399610816418,0.25626003891835825,
20260420_0610,xg_MSFT_rf,xgboost,8.269403954490283,-0.019756131570233,-0.164025388583576,0.21422688645633223,
20260420_0610,xg_MSFT_rf,xgboost,9.799026906433278,0.0402204445887395,0.39335640723779564,0.2984944048465343,
20260420_0610,xg_MSFT_rf,xgboost,8.009492909884832,-0.0158560621110932,-0.12789378405576876,0.2603188258912364,
20260420_0610,xg_MSFT_rf,xgboost,9.644421913738933,-0.0170594952060082,-0.1653464339040768,0.2172760363520242,
20260420_0610,xg_MSFT_rf,xgboost,8.547360290235176,-0.0353684070851335,-0.3028550490600944,0.15147289170304906,
20260420_0610,xg_MSFT_rf,xgboost,9.288691082942789,-0.0265787038321938,-0.24725203467862966,0.11402091103081446,
20260420_0610,xg_MSFT_rf,xgboost,9.86488988466061,0.0333253637508503,0.3284629443675396,0.15147255518746505,
20260420_0610,xg_MSFT_rf,xgboost,9.065183929476197,0.0292697984951002,0.2649362539591967,0.19160312653645972,
20260420_0610,xg_MSFT_rf,xgboost,8.780890173084966,0.0043884343254401,0.038392212965290114,0.1989591945752629,
20260420_0610,xg_MSFT_rf,xgboost,8.811262285057047,-0.0190502622722483,-0.16787204353589266,0.16555950800165822,
20260420_0610,xg_MSFT_rf,xgboost,9.937578339671589,0.0822681782576517,0.8169833082701735,0.3008188625644352,
20260420_0610,xg_MSFT_rf,xgboost,8.214064346191531,0.0169972612435753,0.13875484056701498,0.3425589358791142,
20260420_0610,xg_MSFT_rf,xgboost,8.199069168408245,-0.0225002019244817,-0.18448820947086944,0.27936085116053005,
20260420_0610,xg_MSFT_rf,xgboost,8.704458100879332,0.0017387187739239,0.01488191025059733,0.2835182742750315,
20260420_0610,xg_MSFT_rf,xgboost,7.529835442919849,0.0018236378641993,0.013144381695918802,0.2872449466898707,
20260420_0610,xg_MSFT_rf,xgboost,8.165538881388239,-0.0002068425698722,-0.0020068327658519076,0.2866684941190281,
20260420_0610,xg_MSFT_rf,xgboost,9.712087056216191,-0.001903306459618,-0.019258352117882616,0.2811477313181807,
20260420_0610,xg_MSFT_rf,xgboost,11.153803501658771,0.0034409239034858,0.03765853086091999,0.2917353418345041,
20260420_0610,xg_MSFT_rf,xgboost,8.76855254148481,0.0123114660790002,0.10676111169633426,0.3228813312498659,
20260420_0610,xg_MSFT_rf,xgboost,7.805381461093303,0.0104068355530562,0.08074773575427577,0.3489532676656189,
20260420_0610,xg_MSFT_rf,xgboost,9.940760316231255,-0.000363430699787,-0.004680466905711741,0.34732000344467,
20260420_0610,xg_MSFT_rf,xgboost,9.086745546823254,-0.0231526123628066,-0.21080890466976188,0.2741018539486012,
20260420_0610,xg_MSFT_rf,xgboost,9.838618570882312,-0.0059148471355501,-0.05856986138378279,0.25804774635779376,
20260420_0610,xg_MSFT_rf,xgboost,8.691426259892106,0.0616236252283604,0.5350235983840261,0.3961093801690291,
20260420_0610,xg_MSFT_rf,xgboost,8.74803066427332,-0.0017636779559404,-0.015457011042660116,0.3899867131056552,
20260420_0610,xg_MSFT_rf,xgboost,8.400362999482411,0.0012955833592793,0.010709536681639504,0.3941632901150122,
20260420_0610,xg_MSFT_rf,xgboost,8.08254327340847,-0.0189004860747803,-0.15292290645090295,0.33388669417437405,
20260420_0610,xg_MSFT_rf,xgboost,9.25822239532936,-0.020303916288615,-0.18856601205710843,0.27092701177498096,
20260420_0610,xg_MSFT_rf,xgboost,9.887969324880869,-0.0030595379492075,-0.030567490854848434,0.26264545282021784,
20260420_0610,xg_MSFT_rf,xgboost,8.847610430043119,0.012399192282287,0.10918304351345372,0.2913218827240984,
20260420_0610,xg_MSFT_rf,xgboost,8.975282650912213,-0.008003254900469,-0.07189531096944211,0.270377205373446,
20260420_0610,xg_MSFT_rf,xgboost,7.855779373322141,0.028889129650246,0.22638687718083655,0.33158705655882215,
20260420_0610,xg_MSFT_rf,xgboost,9.335469252058214,0.017464886942351,0.16230307010162273,0.3854046538442794,
20260420_0610,xg_MSFT_rf,xgboost,8.891183420814828,0.001167740757773,0.010160454349699349,0.3893205402358259,
20260420_0610,xg_MSFT_rf,xgboost,9.1850904934365,-0.0319183170833361,-0.29331958434495303,0.2751252011969009,
20260420_0610,xg_MSFT_rf,xgboost,9.736828489289612,-0.0173487063886378,-0.1691972476151358,0.22857477440482482,
20260420_0610,xg_MSFT_rf,xgboost,10.089101546211634,-0.017328040321807,-0.17500049493202155,0.18857407575500532,
20260420_0610,xg_MSFT_rf,xgboost,9.74729993958615,0.0056144135887954,0.05455447243156431,0.19886163497208947,
20260420_0610,xg_MSFT_rf,xgboost,8.741723520144154,0.0108767825778748,0.09457903787478131,0.21766977707795565,
20260420_0610,xg_MSFT_rf,xgboost,7.900124362893045,-0.0255287830965714,-0.20210136087486144,0.1736784189091731,
20260420_0610,xg_MSFT_rf,xgboost,9.694022264646872,0.002267139585125,0.02108075266438711,0.17733969070133918,
20260420_0610,xg_MSFT_rf,xgboost,9.498956352356696,-0.00741409703015,-0.07052371703767735,0.16483303653476872,
20260420_0610,xg_MSFT_rf,xgboost,9.722536337250094,-0.0102549838583181,-0.09981624319285759,0.14838002207379708,
20260420_0610,xg_MSFT_rf,xgboost,9.447824360122844,0.0276296346595406,0.26090257940913847,0.18709275256563562,
20260420_0610,xg_MSFT_rf,xgboost,9.882364159878492,-0.0049372739002222,-0.049009208538937185,0.17792348483902262,
20260420_0610,xg_MSFT_rf,xgboost,9.806860687984754,-0.0010008558335993,-0.009853005464812053,0.17617040377058532,
20260420_0610,xg_MSFT_rf,xgboost,9.850033785610773,-0.0437433351863272,-0.4308949160294324,0.10025947243098776,
20260420_0610,xg_MSFT_rf,xgboost,10.92050329458598,-0.0296378525377895,-0.32419550103787126,0.06775580253243105,
20260420_0610,xg_MSFT_rf,xgboost,10.814180588651755,0.0117854149203688,0.12739644390809193,0.07638765082920165,
20260420_0610,xg_MSFT_rf,xgboost,9.26695746386789,0.0097363452862131,0.0894526860584755,0.08322073137757068,
20260420_0610,xg_MSFT_rf,xgboost,9.861778748748533,0.0076171410010861,0.0748211486082917,0.08944740208726261,
20260420_0610,xg_MSFT_rf,xgboost,8.01323273011743,0.030238166678014,0.24138119391369248,0.11103832279556416,
20260420_0610,xg_MSFT_rf,xgboost,9.296554163809487,0.0116215478801633,0.10739868861839741,0.12296369305019404,
20260420_0610,xg_MSFT_rf,xgboost,8.66696456455849,0.003018665658913,0.02584787349842308,0.12614204303305437,
20260420_0610,xg_MSFT_rf,xgboost,7.9030780348656995,0.0046816791363293,0.03661773228376671,0.13076107859456612,
20260420_0610,xg_MSFT_rf,xgboost,9.081800664880394,-0.0188890497418223,-0.17213594581924793,0.10825239665434547,
20260420_0610,xg_MSFT_rf,xgboost,9.605973603308206,-0.01645402150276,-0.15831898269299208,0.09111398734195124,
20260420_0610,xg_MSFT_rf,xgboost,10.515100967998414,0.0357436918815858,0.3753939654215548,0.12531762835561566,
20260420_0610,xg_MSFT_rf,xgboost,9.294841750755769,0.0098241679472692,0.09070395679409304,0.13668443310352163,
20260420_0610,xg_MSFT_rf,xgboost,10.121298647299977,-0.0022259819338033,-0.022943056383789632,0.13354847444804122,
20260420_0610,xg_MSFT_rf,xgboost,9.483622344620516,-0.0059081335693654,-0.056349345684775995,0.12602310529569408,
20260420_0610,xg_MSFT_rf,xgboost,10.061688974591988,0.0307136751563812,0.3087424133751748,0.16493178296572045,
20260420_0610,xg_MSFT_rf,xgboost,8.35507884510331,0.000645060914562,0.0045362297363156215,0.1656799514240731,
20260420_0610,xg_MSFT_rf,xgboost,9.438280552578671,-0.0219615989419137,-0.20782133305073405,0.13124812305934136,
20260420_0610,xg_MSFT_rf,xgboost,10.10492015728448,0.0210126892293684,0.21199822715024633,0.15907249246471908,
20260420_0610,xg_MSFT_rf,xgboost,8.159856853374352,0.0199346242296034,0.16169114848741664,0.18479310646409544,
20260420_0610,xg_MSFT_rf,xgboost,8.47419728303097,0.0468844491935458,0.39715090175752105,0.2581838553348845,
20260420_0610,xg_MSFT_rf,xgboost,8.556273114892955,-0.0236205225201125,-0.20214467971449315,0.20599336259076126,
20260420_0610,xg_MSFT_rf,xgboost,10.270642014120142,-0.0061159946020831,-0.06367237556790029,0.19287727584338765,
20260420_0610,xg_MSFT_rf,xgboost,9.454355639792254,0.0420220678839271,0.39688343130697523,0.26942707090125334,
20260420_0610,xg_MSFT_rf,xgboost,7.695999721834763,-0.0031018890972812,-0.024751315588817147,0.2627583964412058,
20260420_0610,xg_MSFT_rf,xgboost,9.617636463337217,-0.0116598238210401,-0.11310076510807436,0.2330402207651347,
20260420_0610,xg_MSFT_rf,xgboost,9.887684536746754,-0.0019725857624547,-0.01963932977753491,0.2284634670180987,
20260420_0610,xg_MSFT_rf,xgboost,8.429462375134548,0.0312428354815876,0.26263119510375527,0.2884651003986093,
20260420_0610,xg_MSFT_rf,xgboost,8.689508860712895,0.0031331241274914,0.027095286624760705,0.29628114497514996,
20260420_0610,xg_MSFT_rf,xgboost,10.15381228302067,-0.0079929752216847,-0.08189132169497586,0.27201829041983416,
20260420_0610,xg_MSFT_rf,xgboost,7.970906068958111,-0.026622799727036,-0.21329928902391887,0.21399698247178164,
20260420_0610,xg_MSFT_rf,xgboost,9.454392839331286,-0.0156016167016588,-0.14824555661134095,0.18227288069210498,
20260420_0610,xg_MSFT_rf,xgboost,7.410829709660827,-0.0208868448607718,-0.15581063200011944,0.15387282795498572,
20260420_0610,xg_MSFT_rf,xgboost,7.976615839865872,-0.0045909650046099,-0.036903257241143746,0.14819441940254063,
20260420_0610,xg_MSFT_rf,xgboost,7.9064003591971135,0.0129617860641391,0.10244596225301113,0.16337633929876022,
20260420_0610,xg_MSFT_rf,xgboost,8.409941983409405,-0.0217842724969949,-0.1834562386626144,0.1334039306045426,
20260420_0610,xg_MSFT_rf,xgboost,8.574386257270918,0.0037718498410157,0.032259075304363755,0.13770741804781264,
20260420_0610,xg_MSFT_rf,xgboost,8.530492794789735,-0.0029583116456249,-0.02525780290898636,0.1342292312236556,
20260420_0610,xg_MSFT_rf,xgboost,9.156641496264893,-0.0126292613940597,-0.11595469329876083,0.11866472188538817,
20260420_0610,xg_MSFT_rf,xgboost,9.354232263166002,0.0196533388946058,0.18374310138340627,0.14046854590940877,
20260420_0610,xg_MSFT_rf,xgboost,8.449190101983824,0.0166459588229286,0.14019234944412753,0.16016116138344907,
20260420_0610,xg_MSFT_rf,xgboost,9.332907782223105,0.0061890760531546,0.05732021722113757,0.16934163394433804,
20260420_0610,xg_MSFT_rf,xgboost,8.717707836204145,-0.0105890091492215,-0.09261948801081514,0.15365729850949858,
20260420_0610,xg_MSFT_rf,xgboost,8.937460129634829,-0.0017706111733807,-0.01593464291389129,0.15120882432663652,
20260420_0610,xg_MSFT_rf,xgboost,8.034294460238648,-0.0054394070032935,-0.04415338038824236,0.14453244358808362,
20260420_0610,xg_MSFT_rf,xgboost,8.745705453376495,-0.0147828662250121,-0.12964229925719245,0.125794925284064,
20260420_0610,xg_MSFT_rf,xgboost,9.14720572586648,0.0214408022568817,0.1959226790350742,0.15044100405473482,
20260420_0610,xg_MSFT_rf,xgboost,9.531081095063394,0.0270561008301772,0.25768195344403244,0.18920693585764048,
20260420_0610,xg_MSFT_rf,xgboost,8.393941970270815,0.0178302273231347,0.14909732390473351,0.21741718365822923,
20260420_0610,xg_MSFT_rf,xgboost,10.104429920905558,0.0405365882995543,0.40874387173012927,0.30628512508735445,
20260420_0610,xg_MSFT_rf,xgboost,9.606607331832626,0.0116942971313562,0.11209360926817924,0.34061773022355174,
20260420_0610,xg_MSFT_rf,xgboost,9.97949953893892,-0.0257666745895651,-0.2573249632901073,0.2529682852978166,
20260420_0610,xg_MSFT_rf,xgboost,10.76580243911664,0.0056935527349055,0.06090251247059599,0.26837468944783216,
20260420_0610,xg_MSFT_rf,xgboost,9.00831686388402,-0.0054424619061328,-0.049906164157678776,0.25498113814048257,
20260420_0610,xg_MSFT_rf,xgboost,8.475558137473998,0.0197216952530321,0.16688599532341353,0.29753391916775385,
20260420_0610,xg_MSFT_rf,xgboost,9.758278517184827,0.0104809032616217,0.10163421294872,0.3277735448679166,
20260420_0610,xg_MSFT_rf,xgboost,10.962663205051753,-0.0149341411989178,-0.1643201525643571,0.27391374596866036,
20260420_0610,xg_MSFT_rf,xgboost,10.856195010084624,-0.004161001787291,-0.04522588093762532,0.26152575550630275,
20260420_0610,xg_MSFT_rf,xgboost,9.432898876646622,0.0191838999257216,0.1802481399923215,0.30866528649640046,
20260420_0610,xg_MSFT_rf,xgboost,8.85958708526547,0.0126198504350321,0.11152000803650165,0.3430876417270681,
20260420_0610,xg_MSFT_rf,xgboost,8.344751188268122,0.0149621283567646,0.12459782043563288,0.3858356141046621,
20260420_0610,xg_MSFT_rf,xgboost,8.454760768276792,-0.0037111263899251,-0.03143169059765975,0.3737081484605663,
20260420_0610,xg_MSFT_rf,xgboost,6.9530940462968145,-0.0001743487237684,-0.001963096434203499,0.37297452332689063,
20260420_0610,xg_MSFT_rf,xgboost,6.594752848900881,-0.0098891349076551,-0.0653955712041216,0.3485836413293436,
20260420_0610,xg_MSFT_rf,xgboost,7.726574475569007,0.0255329027840602,0.19671596412517028,0.417155608411708,
20260420_0610,xg_MSFT_rf,xgboost,8.68085645370721,-0.0075789845834092,-0.06626921822250431,0.38951103236513096,
20260420_0610,xg_MSFT_rf,xgboost,7.719398583781733,-0.0226684559388135,-0.17546757560555828,0.3211644758444033,
20260420_0610,xg_MSFT_rf,xgboost,8.756368244679793,0.0023338268143435,0.019917362175250596,0.3275612250276208,
20260420_0610,xg_MSFT_rf,xgboost,6.940490207956528,0.0223992506474186,0.15455384076561107,0.3781870704415282,
20260420_0610,xg_MSFT_rf,xgboost,8.081975215965919,-0.0127655785953552,-0.10374183232913045,0.3389532507907381,
20260420_0610,xg_MSFT_rf,xgboost,8.350024351204937,0.0092958805047445,0.07748680401288832,0.3652176549042914,
20260420_0610,xg_MSFT_rf,xgboost,8.141296844180614,-0.0014887819420691,-0.012224979480152411,0.36075287656729704,
20260420_0610,xg_MSFT_rf,xgboost,7.437722199633946,0.0002774435370984,0.0017117606327483998,0.36137039913955565,
20260420_0610,xg_MSFT_rf,xgboost,7.5131926723927585,-0.0081124039722446,-0.060987789316137436,0.33933121737174393,
20260420_0610,xg_MSFT_rf,xgboost,8.219590585437585,-0.0012233626005693,-0.010408738670738271,0.33579920740729796,
20260420_0610,xg_MSFT_rf,xgboost,7.536672111744236,-0.0139628037554825,-0.10557453290254933,0.30034736293622616,
20260420_0610,xg_MSFT_rf,xgboost,7.843329143391597,-0.0225359889305766,-0.17691050727016552,0.24721275860192188,
20260420_0610,xg_MSFT_rf,xgboost,9.09786242024175,0.0724347897694444,0.6583744851231147,0.40997133126232704,
20260420_0610,xg_MSFT_rf,xgboost,8.104150030896097,0.0320276228648885,0.25905980463534184,0.5161784242452365,
20260420_0610,xg_MSFT_rf,xgboost,8.981211414718453,0.0079716405382885,0.07115645830459785,0.5529078527677757,
20260420_0610,xg_MSFT_rf,xgboost,8.319082071461679,-0.0055327840100437,-0.046358748934852784,0.5272757364372058,
20260420_0610,xg_MSFT_rf,xgboost,8.511029389300846,-0.0004907495248164,-0.00427275728741739,0.5250228151918653,
20260420_0610,xg_MSFT_rf,xgboost,8.887452535541154,-0.0033070254497754,-0.029579243291825656,0.5094930376075459,
20260420_0610,xg_MSFT_rf,xgboost,8.828992520849372,0.0033179981541133,0.02926535087951246,0.5244035301237994,
20260420_0610,xg_MSFT_rf,xgboost,9.094594236720598,0.0171572531005792,0.15590545430854857,0.606160900728757,
20260420_0610,xg_MSFT_rf,xgboost,9.511127328505705,-0.006438225527256,-0.06144304930526014,0.568916526618359,
20260420_0610,xg_MSFT_rf,xgboost,9.36803303505675,-0.0053460228416006,-0.05015326573300685,0.5403835048789692,
20260420_0610,xg_MSFT_rf,xgboost,8.587091111397992,0.0172964419637633,0.1481356520840137,0.6204335677496602,
20260420_0610,xg_MSFT_rf,xgboost,7.793636302893649,-0.0070440970276851,-0.05529585772032402,0.586126161462462,
20260420_0610,xg_MSFT_rf,xgboost,7.345076870045767,-0.0036761820735653,-0.027226119635045315,0.5701682204692551,
20260420_0610,xg_MSFT_rf,xgboost,7.909361927394186,0.0015859275998013,0.012261532848797836,0.5771593568338794,
20260420_0610,xg_MSFT_rf,xgboost,7.085652344197217,0.0073677067446169,0.0517931537747539,0.6070522601549145,
20260420_0610,xg_MSFT_rf,xgboost,7.598364741776233,0.0094515571494266,0.07156002240029664,0.6504929334897509,
20260420_0610,xg_MSFT_rf,xgboost,7.571380250398683,0.0143947827747858,0.10897488176410357,0.7213803240051815,
20260420_0610,xg_MSFT_rf,xgboost,7.86854965219864,-0.0005649781652038,-0.004594143446214165,0.7180661993174252,
20260420_0610,xg_MSFT_rf,xgboost,7.371383633909895,0.0089211845181913,0.06551289054334129,0.7651087916361808,
20260420_0610,xg_MSFT_rf,xgboost,7.183751631459922,-0.0184320226658567,-0.1325048888981793,0.6637281362054085,
20260420_0610,xg_MSFT_rf,xgboost,8.018130049455733,-0.0044723327618867,-0.03627693491824701,0.6396501138048755,
20260420_0610,xg_MSFT_rf,xgboost,6.129447580207554,0.0384578979355267,0.23478132820615916,0.7898280171112049,
20260420_0610,xg_MSFT_rf,xgboost,7.864185144921428,0.0213856110781247,0.16731303617329846,0.9219765407088164,
20260420_0610,xg_MSFT_rf,xgboost,8.012012631239546,-0.0050467806932897,-0.04050878440489201,0.8846283917948748,
20260420_0610,xg_MSFT_rf,xgboost,8.099353233233371,-0.0085143889191628,-0.06900471372242452,0.8235848628683407,
20260420_0610,xg_MSFT_rf,xgboost,6.992501390602111,0.0127592343908804,0.08866553829993386,0.8966084580702394,
20260420_0610,xg_MSFT_rf,xgboost,8.054448886278664,0.0084792229700281,0.067764494259613,0.9573666767802606,
20260420_0610,xg_MSFT_rf,xgboost,8.22345643643838,0.0016100034908348,0.013155289794313837,0.9699611128527241,
20260420_0610,xg_MSFT_rf,xgboost,8.315956194021908,-0.0067274279578956,-0.05599124607508983,0.9156517814997193,
20260420_0610,xg_MSFT_rf,xgboost,7.738013874078916,-0.0308678858632868,-0.23914510023356922,0.6966781444339227,
20260420_0610,xg_MSFT_rf,xgboost,9.052095986802758,0.0058137635009358,0.05196970419867939,0.7328843015218385,
20260420_0610,xg_MSFT_rf,xgboost,7.768187535781357,0.0047037107850396,0.035897353266754264,0.7591929081972264,
20260420_0610,xg_MSFT_rf,xgboost,7.61096485218372,0.0154841060553378,0.11777037561286229,0.8486033421582351,
20260420_0610,xg_MSFT_rf,xgboost,7.1702195029677664,0.007352719463529,0.05250023982263835,0.8931552211358349,
20260420_0610,xg_MSFT_rf,xgboost,6.628759088106344,0.0091238377933002,0.060208992483316126,0.946931197131637,
20260420_0610,xg_MSFT_rf,xgboost,7.509410795860469,0.0318965166736895,0.23908372080587031,1.1733270310890258,
20260420_0610,xg_MSFT_rf,xgboost,7.259745563866392,-0.0165757755046355,-0.12046074530341983,1.031987182439393,
20260420_0610,xg_MSFT_rf,xgboost,7.450054448603847,-0.0125024620018526,-0.09323917709777126,0.9357655467732964,
20260420_0610,xg_MSFT_rf,xgboost,7.135046642253591,-0.0132821669296543,-0.09492638445645672,0.846936706719188,
20260420_0610,xg_MSFT_rf,xgboost,5.6580541667872035,0.0184374186959654,0.10358141743977413,0.9346636112829358,
20260420_0610,xg_MSFT_rf,xgboost,6.952922199974524,-0.0138058209005487,-0.09663823264489099,0.8443393717710616,
20260420_0610,xg_MSFT_rf,xgboost,7.992064587772386,-0.0191629371645064,-0.1536710027040579,0.7145888938884882,
20260420_0610,xg_MSFT_rf,xgboost,7.025613659246629,0.018167880144887,0.12715728144121083,0.8054540749834302,
20260420_0610,xg_MSFT_rf,xgboost,6.562348225255115,0.0038258723558244,0.0248750739473011,0.8254898046597982,
20260420_0610,xg_MSFT_rf,xgboost,6.9054409131587855,-0.0023821147870251,-0.016621099254115486,0.8117692566832873,
20260420_0610,xg_MSFT_rf,xgboost,6.229016738559777,0.0163856396897206,0.10172821181197954,0.894349091569618,
20260420_0610,xg_MSFT_rf,xgboost,6.919880229011284,-0.0074880356014658,-0.05216174125794157,0.8476982856608885,
20260420_0610,xg_MSFT_rf,xgboost,7.072286918592187,0.0004734986914225,0.003272515256527414,0.8504723912336458,
20260420_0610,xg_MSFT_rf,xgboost,6.452360963006698,0.0092267343914562,0.0592242578256706,0.9008409874056817,
20260420_0610,xg_MSFT_rf,xgboost,6.8004986204268425,-0.011867556516469,-0.0808793705467951,0.8279815353815568,
20260420_0610,xg_MSFT_rf,xgboost,6.157910373699188,-0.0159837455941446,-0.09874776692811556,0.7462202077049156,
20260420_0610,xg_MSFT_rf,xgboost,6.433142258968125,0.0019288726677249,0.01227109632827517,0.7553771477557683,
20260420_0610,xg_MSFT_rf,xgboost,6.005038182575652,0.0142266579945584,0.08521757242957212,0.819748554556289,
20260420_0610,xg_MSFT_rf,xgboost,7.329245406103699,0.0161923251606885,0.11801542118634951,0.9164915254891507,
20260420_0610,xg_MSFT_rf,xgboost,7.117669445033973,0.007529221046522,0.053484718607201484,0.9655098168358227,
20260420_0610,xg_MSFT_rf,xgboost,7.079079765798911,0.00141928819794,0.010027959524256723,0.9751919101993248,
20260420_0610,xg_MSFT_rf,xgboost,6.705553643513635,0.039800057506143,0.2666946575612268,1.2352703827464124,
20260420_0610,xg_MSFT_rf,xgboost,7.910861226480398,-0.0122676862626557,-0.09765061738535258,1.1146454672333843,
20260420_0610,xg_MSFT_rf,xgboost,8.445248298784684,-0.0231214557891867,-0.1955336287052064,0.8966947943054304,
20260420_0610,xg_MSFT_rf,xgboost,7.535346297229589,-0.0089369097987339,-0.06779766116134188,0.8359009844759717,
20260420_0610,xg_MSFT_rf,xgboost,6.522716635958403,0.003897765293322,0.0249177036911771,0.8567297175223073,
20260420_0610,xg_MSFT_rf,xgboost,7.021330540181916,0.0170092418105916,0.11917820203793418,0.9588332248890831,
20260420_0610,xg_MSFT_rf,xgboost,8.025293259543574,-0.0376375849178598,-0.3025546379064799,0.6687337857200641,
20260420_0610,xg_MSFT_rf,xgboost,7.485568524606742,-0.0208721539387685,-0.15650980093226055,0.56407039404034,
20260420_0610,xg_MSFT_rf,xgboost,7.2657663326368676,0.0231313157019152,0.16795683376058504,0.6588098714414411,
20260420_0610,xg_MSFT_rf,xgboost,7.979027973740394,-0.0072406136925867,-0.05812969002074877,0.6205134578319408,
20260420_0610,xg_MSFT_rf,xgboost,8.19863329748425,0.0012504309230871,0.010142021940353938,0.6268067189355572,
20260420_0610,xg_MSFT_rf,xgboost,7.040233813355545,-0.0262828830298357,-0.1856168415611823,0.5104608354974113,
20260420_0610,xg_MSFT_rf,xgboost,7.599747221186816,-0.0025649679892985,-0.019772865053020047,0.5003675622822691,
20260420_0610,xg_MSFT_rf,xgboost,7.7944547908964195,0.0034285929132551,0.026626658673899923,0.5136906785746505,
20260420_0610,xg_MSFT_rf,xgboost,7.805683727908555,0.007108501966923,0.05548110366451075,0.5421908043641435,
20260420_0610,xg_MSFT_rf,xgboost,8.278174940323293,-0.0122991695296141,-0.10205092259304663,0.48685973255731657,
20260420_0610,xg_MSFT_rf,xgboost,6.28685593241295,-0.0117157783884841,-0.07465107036843185,0.4505151324026244,
20260420_0610,xg_MSFT_rf,xgboost,7.4272414634886275,0.002172366904799,0.015564500783695746,0.4575271755339719,
20260420_0610,xg_MSFT_rf,xgboost,6.80959098972789,-0.0059455181914921,-0.04079537234292823,0.4388621840510552,
20260420_0610,xg_MSFT_rf,xgboost,8.330075897320757,0.0094387488802409,0.07786525209436157,0.4730342986468727,
20260420_0610,xg_MSFT_rf,xgboost,7.057478818012376,-0.0067275442693365,-0.048115799717737086,0.45027387507355954,
20260420_0610,xg_MSFT_rf,xgboost,7.576244307108659,-0.0024285147436268,-0.01865840374568013,0.44187248331630513,
20260420_0610,xg_MSFT_rf,xgboost,7.452374102876538,-0.0109861336215357,-0.08193471279398995,0.4056677883042165,
20260420_0610,xg_MSFT_rf,xgboost,7.7769670618760385,-0.0012623923788409,-0.009979880428908768,0.4016192722830806,
20260420_0610,xg_MSFT_rf,xgboost,8.136946584961663,0.0170627572021517,0.13865875418453547,0.4573073002343523,
20260420_0610,xg_MSFT_rf,xgboost,7.695590440474728,0.0018018416764384,0.013645557508204842,0.46354751329862204,
20260420_0610,xg_MSFT_rf,xgboost,8.133684485452171,0.0140793454539771,0.11429790666184639,0.5165300237069589,
20260420_0610,xg_MSFT_rf,xgboost,7.615570865650648,-0.0214984423548584,-0.1639819680644303,0.43182841385512494,
20260420_0610,xg_MSFT_rf,xgboost,8.969648733996731,0.0094071324077826,0.08370163435783379,0.46797315785694993,
20260420_0610,xg_MSFT_rf,xgboost,7.1727980519777645,0.0022291974398034,0.015091157712686163,0.47503541458747295,
20260420_0610,xg_MSFT_rf,xgboost,8.147020738177776,0.0145504794952651,0.11805594685525526,0.5311161702463758,
20260420_0610,xg_MSFT_rf,xgboost,7.962581607855464,0.001157073373474,0.009121071597402192,0.535960518861731,
20260420_0610,xg_MSFT_rf,xgboost,6.675115718499893,-0.0031325784277542,-0.02155405644721353,0.5244083955847074,
20260420_0610,xg_MSFT_rf,xgboost,8.137085094761705,0.0027459063379537,0.02161268884604384,0.5357422710667328,
20260420_0610,xg_MSFT_rf,xgboost,7.565497927777331,0.0148784146903913,0.11227682192527498,0.5958937106331348,
20260420_0610,xg_MSFT_rf,xgboost,8.369150833926254,-0.0020085965470194,-0.017212073919583265,0.5856371440375026,
20260420_0610,xg_MSFT_rf,xgboost,6.511688011091863,-0.0089222204405192,-0.059027447286264835,0.5510684783889501,
20260420_0610,xg_MSFT_rf,xgboost,6.529615988822237,0.0132157672357968,0.08628492105854667,0.5986173785445941,
20260420_0610,xg_MSFT_rf,xgboost,5.966103174003989,0.010979282912793,0.06522177822689296,0.6376602684507936,
20260420_0610,xg_MSFT_rf,xgboost,6.220583811984008,-0.0182577551023601,-0.11370113615189967,0.565157571449013,
20260420_0610,xg_MSFT_rf,xgboost,7.824963467662182,0.0129307176433437,0.1003802033419802,0.6218882033913247,
20260420_0610,xg_MSFT_rf,xgboost,6.391414215433069,0.0078555274569049,0.049491155231672204,0.6526661690021104,
20260420_0610,xg_MSFT_rf,xgboost,7.084004958106302,-0.0250368486080369,-0.1777074550460269,0.5366825251141053,
20260420_0610,xg_MSFT_rf,xgboost,7.449978586687768,-0.0035127636409605,-0.026353000719541816,0.5225393301436078,
20260420_0610,xg_MSFT_rf,xgboost,6.874677373261766,-0.001246104505459,-0.008854217055111531,0.5179126534946836,
20260420_0610,xg_MSFT_rf,xgboost,6.504744537255975,-0.0239766937030689,-0.15614723380450005,0.43704202529914027,
20260420_0610,xg_MSFT_rf,xgboost,6.985121580788158,-0.003865764189548,-0.02724302138841587,0.4251356800562792,
20260420_0610,xg_MSFT_rf,xgboost,8.080605380255275,-0.0078864328744442,-0.06427489381598943,0.3978101293632734,
20260420_0610,xg_MSFT_rf,xgboost,7.972690573612413,0.0016717385325184,0.013274296636432665,0.4030907790254192,
20260420_0610,xg_MSFT_rf,xgboost,7.610253324775908,-0.0170056025416369,-0.1295981619067281,0.3508509549821737,
20260420_0610,xg_MSFT_rf,xgboost,8.70513585823739,0.0020822896556094,0.017579173081551432,0.35701862464563294,
20260420_0610,xg_MSFT_rf,xgboost,8.51590717866803,0.0027176112786586,0.023048311056973296,0.3652473009595983,
20260420_0610,xg_MSFT_rf,xgboost,8.541210570373098,0.0067273644582002,0.0574471847252793,0.38622973012823403,
20260420_0610,xg_MSFT_rf,xgboost,8.266489167096996,0.0191604897405888,0.1582526201752124,0.44735159691059223,
20260420_0610,xg_MSFT_rf,xgboost,7.743038654603589,-0.02613392991436,-0.20261775477983726,0.3567102207473933,
20260420_0610,xg_MSFT_rf,xgboost,9.06775793136511,0.0177733341326864,0.16050193191008855,0.41396290030942406,
20260420_0610,xg_MSFT_rf,xgboost,7.929580672803072,0.0012537699162511,0.009372781066765631,0.4178428839437876,
20260420_0610,xg_MSFT_rf,xgboost,8.890411363083151,0.0247373774573425,0.2194450462944947,0.5095364349546573,
20260420_0610,xg_MSFT_rf,xgboost,7.808035058174021,0.0078222909628757,0.06053553392091672,0.540381495096798,
20260420_0610,xg_MSFT_rf,xgboost,7.451040036433602,-0.0043357544407954,-0.032484377437381515,0.5228275386498971,
20260420_0610,xg_MSFT_rf,xgboost,7.19170059074506,0.0122721103204528,0.08812767331844469,0.5689031131779216,
20260420_0610,xg_MSFT_rf,xgboost,7.066579666239165,-0.0037903599503826,-0.02684744101535392,0.5536295204034262,
20260420_0610,xg_MSFT_rf,xgboost,7.512089324078372,-0.0103574292805294,-0.07802868875208124,0.5104305348719033,
20260420_0610,xg_MSFT_rf,xgboost,8.175994699833003,0.0149817593556149,0.1221588323978036,0.5727841330320413,
20260420_0610,xg_MSFT_rf,xgboost,7.561462273200466,-0.0017437439783228,-0.013492520519524612,0.5650558313638484,
20260420_0610,xg_MSFT_rf,xgboost,6.509040515594179,-0.0058725003536296,-0.03875055360841935,0.5431596050788337,
20260420_0610,xg_MSFT_rf,xgboost,7.541198154549813,0.0036655506368494,0.027126564878539768,0.5578936593454067,
20260420_0610,xg_MSFT_rf,xgboost,6.29084266471594,-0.0140348228620925,-0.08891604019749912,0.5082879643051207,
20260420_0610,xg_MSFT_rf,xgboost,7.29527068486469,0.0081122801350976,0.05867906544691331,0.5381138270284592,
20260420_0610,xg_MSFT_rf,xgboost,7.026786527131265,0.0036742487857193,0.02568391978595408,0.5519346993975709,
20260420_0610,xg_MSFT_rf,xgboost,7.689517711365441,0.0306779944145514,0.235567615807746,0.6819526406162216,
20260420_0610,xg_MSFT_rf,xgboost,8.086028503167968,-0.0375142761868273,-0.3035397619183022,0.47495289844401617,
20260420_0610,xg_MSFT_rf,xgboost,7.303977210097379,0.0058556364200397,0.04237840931605088,0.4950806467801214,
20260420_0610,xg_MSFT_rf,xgboost,7.22181209979504,0.0227403847650202,0.16418570329486648,0.5763658109593931,
20260420_0610,xg_MSFT_rf,xgboost,6.653816236518065,0.002371588230976,0.015496114345964774,0.5852972414711246,
20260420_0610,xg_MSFT_rf,xgboost,7.691899423957601,0.0235427464268151,0.18056939608507916,0.6909840108938283,
20260420_0610,xg_MSFT_rf,xgboost,7.2145960023783235,0.0065016071777355,0.04666781744273511,0.7232307265700704,
20260420_0610,xg_MSFT_rf,xgboost,7.171802841474151,0.0128615284375341,0.09221894961355558,0.7899263045026108,
20260420_0610,xg_MSFT_rf,xgboost,6.775018860896009,0.0105726132708197,0.07143126232847384,0.8463517375796987,
20260420_0610,xg_MSFT_rf,xgboost,7.372162339625954,0.0112193966881608,0.08241264199841825,0.9161018203335936,
20260420_0610,xg_MSFT_rf,xgboost,5.661113729993737,0.0074056140754725,0.041068499216876136,0.9537247472245426,
20260420_0610,xg_MSFT_rf,xgboost,6.716282825232535,-0.006910615827519,-0.04694123494176538,0.9089557297952995,
20260420_0610,xg_MSFT_rf,xgboost,6.749950838887941,0.0248966724318813,0.16803448096026774,1.061691634067314,
20260420_0610,xg_MSFT_rf,xgboost,7.426493205664736,-0.0080884597662151,-0.06040716268147741,0.9975578548106462,
20260420_0610,xg_MSFT_rf,xgboost,7.143868303787802,0.0097905762893146,0.06980127517811249,1.0671886651403717,
20260420_0610,xg_MSFT_rf,xgboost,7.048540048260301,0.0004059351550513,0.002813586069612092,1.0701912923022585,
20260420_0610,xg_MSFT_rf,xgboost,7.1229085153429095,0.0175834136630599,0.12520786267586495,1.2041876566657463,
20260420_0610,xg_MSFT_rf,xgboost,6.09476155857642,-0.0168010194759719,-0.10291228112543054,1.0802619580151878,
20260420_0610,xg_MSFT_rf,xgboost,8.271936971140786,0.0205217219055549,0.16866580243574716,1.2624652080046308,
20260420_0610,xg_MSFT_rf,xgboost,7.116841101549585,-0.011577902745617,-0.08297564206454645,1.1577113467862954,
20260420_0610,xg_MSFT_rf,xgboost,7.563463294538844,0.0128125630318389,0.0966840391037842,1.2696435559098762,
20260420_0610,xg_MSFT_rf,xgboost,8.046543805244324,-0.0011114293352603,-0.009184705087958324,1.2579822542820174,
20260420_0610,xg_MSFT_rf,xgboost,8.52470701150879,0.0031263709898827,0.026412315094898494,1.2912084779659048,
20260420_0610,xg_MSFT_rf,xgboost,7.079431553369,0.0108027116977529,0.07575442032595038,1.3890232277341645,
20260420_0610,xg_MSFT_rf,xgboost,6.23953074536978,-0.0100603109243883,-0.06319156972469989,1.3012486695895735,
20260420_0610,xg_MSFT_rf,xgboost,7.646249607551992,0.0001586374745308,0.0005096222962830628,1.301911814924605,
20260420_0610,xg_MSFT_rf,xgboost,6.2536507965606525,-0.0116124530983552,-0.07331652597404789,1.2064601635297654,
20260420_0610,xg_MSFT_rf,xgboost,6.687905214035821,-0.0143386315224598,-0.09611253572993486,1.0905042179557678,
20260420_0610,xg_MSFT_rf,xgboost,7.637994647272216,0.0091563137896208,0.06946083099725026,1.1662515471409818,
20260420_0610,xg_MSFT_rf,xgboost,6.542190595864767,-0.0099860683542307,-0.06587866450241456,1.0894204527414593,
20260420_0610,xg_MSFT_rf,xgboost,6.768929403334012,0.0058300438924141,0.039349786122355054,1.1322889145541548,
20260420_0610,xg_MSFT_rf,xgboost,6.428524233742922,0.0088420828177238,0.0566713410857038,1.1964572458384146,
20260420_0610,xg_MSFT_rf,xgboost,5.9280476862550255,-0.0078294631195663,-0.04666366900430801,1.1406261609408048,
20260420_0610,xg_MSFT_rf,xgboost,5.961468558561067,0.0082952364071728,0.049435080591038696,1.1970131071311605,
20260420_0610,xg_MSFT_rf,xgboost,6.876584423586423,-2.6865811985632423e-05,-0.0006423029567400795,1.1962442620731935,
20260420_0610,xg_MSFT_rf,xgboost,6.230099388846524,-0.0225445045375833,-0.14077774645881536,1.0278396906442409,
20260420_0610,xg_MSFT_rf,xgboost,6.522049272993146,0.0131172782557462,0.08540556016946499,1.1156229151881218,
20260420_0610,xg_MSFT_rf,xgboost,6.616908640245472,0.0051789604699508,0.03422127859748104,1.1538009577785087,
20260420_0610,xg_MSFT_rf,xgboost,6.548646955430251,0.0016370094251123,0.010686065945364679,1.1661305509011548,
20260420_0610,xg_MSFT_rf,xgboost,5.765841894336653,-0.0070730209887708,-0.04117332326712393,1.1181170807572323,
20260420_0610,xg_MSFT_rf,xgboost,6.309583018932689,0.007878756455939,0.04943979738240099,1.1733965626796716,
20260420_0610,xg_MSFT_rf,xgboost,6.942809170894293,0.0027842055382272,0.01901359466847768,1.1957070493078479,
20260420_0610,xg_MSFT_rf,xgboost,6.491963751434604,0.0002136515199506,0.0011615952132283576,1.1970959768927474,
20260420_0610,xg_MSFT_rf,xgboost,7.574913336013683,-0.0015748669561808,-0.012470955501110758,1.1821670462343592,
20260420_0610,xg_MSFT_rf,xgboost,6.998664531200269,0.0032346194992194,0.022349892358708885,1.20858835246771,
20260420_0610,xg_MSFT_rf,xgboost,6.508237935544503,0.002025324664904,0.012936081518094288,1.2242227499170515,
20260420_0610,xg_MSFT_rf,xgboost,6.896354545425188,-0.0137487297135984,-0.09501017295913702,1.107909134706922,
20260420_0610,xg_MSFT_rf,xgboost,7.631778410535427,-0.0007278896406804,-0.005922804377552186,1.10134720563395,
20260420_0610,xg_MSFT_rf,xgboost,6.969560021392288,-0.0071774819758808,-0.050355000627934125,1.0458888664026789,
20260420_0610,xg_MSFT_rf,xgboost,6.847104903032649,-0.0005164318298173,-0.003597290473203977,1.0421265003475384,
20260420_0610,xg_MSFT_rf,xgboost,6.668126122675876,0.018871614857657,0.12574881861924242,1.1731726766180468,
20260420_0610,xg_MSFT_rf,xgboost,7.912157505552406,0.0029356442456178,0.022605263960158342,1.1996925546438433,
20260420_0610,xg_MSFT_rf,xgboost,7.1437625155333695,0.0185742575435203,0.1323058872982537,1.3584189425711055,
20260420_0610,xg_MSFT_rf,xgboost,7.17704644281458,0.0048592058979721,0.03485810444130368,1.4057708519462944,
20260420_0610,xg_MSFT_rf,xgboost,7.940492240980356,0.0099836006417695,0.07889298053393434,1.5166763044040654,
20260420_0610,xg_MSFT_rf,xgboost,6.6211583812196935,0.0046335182942183,0.030019591558417946,1.5622063075886063,
20260420_0610,xg_MSFT_rf,xgboost,7.376276669305408,-0.0020498258006013,-0.015497641373158507,1.537995794482712,
20260420_0610,xg_MSFT_rf,xgboost,6.316066845330011,0.0112973586066669,0.07082476722338475,1.646923988617495,
20260420_0610,xg_MSFT_rf,xgboost,5.660534886232573,0.0121869356522703,0.06865680843639883,1.759996533413316,
20260420_0610,xg_MSFT_rf,xgboost,5.620312370713381,-0.0054179937818437,-0.030470928734303918,1.706367804471057,
20260420_0610,xg_MSFT_rf,xgboost,6.837612814894762,0.0060274902660433,0.04060499446266042,1.7756548597228665,
20260420_0610,xg_MSFT_rf,xgboost,6.068016959496716,0.0091753179037805,0.05529118672121491,1.8738329241242362,
20260420_0610,xg_MSFT_rf,xgboost,5.582523851261329,0.0057381798053486,0.031790779072066955,1.9334035326330348,
20260420_0610,xg_MSFT_rf,xgboost,6.818837342262766,-0.0023217098580352,-0.016449518623370726,1.901599975216497,
20260420_0610,xg_MSFT_rf,xgboost,6.567129385433687,0.0143342613092452,0.09400909468401478,2.080367667337745,
20260420_0610,xg_MSFT_rf,xgboost,5.141562953960697,-0.0027580726586442,-0.0148935874217534,2.049383529614861,
20260420_0610,xg_MSFT_rf,xgboost,5.849182686641217,-0.0269463213833517,-0.15796776637051102,1.7256469910050873,
20260420_0610,xg_MSFT_rf,xgboost,8.135827207985642,0.0155944131458367,0.12573012850379497,1.9426128089363441,
20260420_0610,xg_MSFT_rf,xgboost,6.339481852231519,0.0184257693222289,0.11591165755379731,2.167784279605394,
20260420_0610,xg_MSFT_rf,xgboost,5.96014549176637,-0.0135449186644336,-0.08091935409439864,1.9923685758837344,
20260420_0610,xg_MSFT_rf,xgboost,6.845459152891732,-0.0003946510510253,-0.003144224480002163,1.9861041218342537,
20260420_0610,xg_MSFT_rf,xgboost,6.370168007504757,0.0211102624290475,0.13423827278285458,2.252715308716192,
20260420_0610,xg_MSFT_rf,xgboost,6.762941428503635,0.000145151080457,0.0007852615449152709,2.254484279419769,
20260420_0610,xg_MSFT_rf,xgboost,6.908988803764348,0.0155511758342332,0.10736987603645752,2.496547977027211,
20260420_0610,xg_MSFT_rf,xgboost,7.37288159215426,-0.012578529072993,-0.09297195185284224,2.2644390387087268,
20260420_0610,xg_MSFT_rf,xgboost,6.7280559597522815,-0.0215286785905874,-0.1451685671131939,1.9357136681442026,
20260420_0610,xg_MSFT_rf,xgboost,6.114097620523152,0.0096651929665485,0.05878695414905673,2.049508378799098,
20260420_0610,xg_MSFT_rf,xgboost,7.183709933119968,-0.0071552512994568,-0.05193605599017578,1.9430649968854539,
20260420_0610,xg_MSFT_rf,xgboost,6.101623956930026,-0.0061491055784073,-0.03806057289899702,1.8691108299240056,
20260420_0610,xg_MSFT_rf,xgboost,6.042553529986744,-0.0031430767075285,-0.019021744467567093,1.8335570813356288,
20260420_0610,xg_MSFT_rf,xgboost,5.421720032660681,-0.0015144121867485,-0.008521135639262843,1.8179330927432371,
20260420_0610,xg_MSFT_rf,xgboost,5.44316429450274,0.0235466662331598,0.12815765076398772,2.0509151271553208,
20260420_0610,xg_MSFT_rf,xgboost,6.734071583929905,-0.0031823768074749,-0.022075806873287876,2.0056395208947353,
20260420_0610,xg_MSFT_rf,xgboost,7.424743866531736,-0.0068235770471127,-0.05100864796965767,1.903334560619383,
20260420_0610,xg_MSFT_rf,xgboost,6.374947593894608,-0.0001472735238091,-0.0014637591325697662,1.9005485372739406,
20260420_0610,xg_MSFT_rf,xgboost,6.318595591572951,0.0005891048230173,0.003694139136530647,1.9075694280063602,
20260420_0610,xg_MSFT_rf,xgboost,6.279970923836952,0.014519758313594,0.09116434769664218,2.081471750596617,
20260420_0610,xg_MSFT_rf,xgboost,7.054385082291808,0.0044966530734058,0.031333915282048055,2.1466924100917875,
20260420_0610,xg_MSFT_rf,xgboost,6.959781687804135,-0.0013959725978013,-0.009762966220097691,2.125734324607121,
20260420_0610,xg_MSFT_rf,xgboost,6.1346329063626746,-0.0295720047764957,-0.18182596799972545,1.739220623325189,
20260420_0610,xg_MSFT_rf,xgboost,7.4582371055048045,-0.0013906562918828,-0.011033646456695082,1.7200306778572259,
20260420_0610,xg_MSFT_rf,xgboost,6.249974829663394,0.0175332926495739,0.10897850660303837,1.907477052441518,
20260420_0610,xg_MSFT_rf,xgboost,6.755624910021695,-0.0071369098261941,-0.04846711084259463,1.8150271507111295,
20260420_0610,xg_MSFT_rf,xgboost,6.0589583191084655,-0.0041848852285899,-0.02570437846573552,1.768373005903665,
20260420_0610,xg_MSFT_rf,xgboost,6.093713896245952,0.0265995196452528,0.16207248470717545,2.054977612859569,
20260420_0610,xg_MSFT_rf,xgboost,7.129743924591994,-0.0004335858542521,-0.00360937112431596,2.047560436002598,
20260420_0610,xg_MSFT_rf,xgboost,6.928029299945123,0.0243797223115291,0.16880257318647604,2.393193906354659,
20260420_0610,xg_MSFT_rf,xgboost,7.783332020319899,-0.020695142067914,-0.1615048132824518,2.0066815713601485,
20260420_0610,xg_MSFT_rf,xgboost,7.821748622345873,0.0021613247433958,0.016886130533085155,2.0405666583124726,
20260420_0610,xg_MSFT_rf,xgboost,6.952581578147311,0.009800693880454,0.06770554020420629,2.178724326236211,
20260420_0610,xg_MSFT_rf,xgboost,6.562434687230393,0.0090646912188818,0.05929137063836421,2.3079038777819023,
20260420_0610,xg_MSFT_rf,xgboost,6.085268281152427,0.009735849287584,0.05900667165677638,2.44408560411358,
20260420_0610,xg_MSFT_rf,xgboost,7.014096482782231,-0.0014671380560312,-0.010755061979379303,2.41779931195843,
20260420_0610,xg_MSFT_rf,xgboost,6.827142511191412,-0.0137147329759232,-0.0937259135153594,2.1911888627483185,
20260420_0610,xg_MSFT_rf,xgboost,6.604225162319763,-0.0028614735379647,-0.019009274215174454,2.1495359527990994,
20260420_0610,xg_MSFT_rf,xgboost,7.181055391093714,-0.0005216874336085,-0.004034681471967137,2.1408632599170137,
20260420_0610,xg_MSFT_rf,xgboost,6.380930382180491,-0.0016848439627884,-0.01115093453584649,2.11699063385548,
20260420_0610,xg_MSFT_rf,xgboost,6.5483683150112135,0.0091510736940161,0.05984088205981229,2.2436732206977528,
20260420_0610,xg_MSFT_rf,xgboost,6.750182956482592,-0.007372207360647,-0.04986465579823059,2.1317932278239518,
20260420_0610,xg_MSFT_rf,xgboost,6.539112133913875,-0.0023490205270382,-0.015466044042452618,2.0988228198730243,
20260420_0610,xg_MSFT_rf,xgboost,6.815183524915453,-0.0061125183588903,-0.04179597011075321,2.0111004840258446,
20260420_0610,xg_MSFT_rf,xgboost,7.86540858326839,0.0182827530987836,0.14327621061977283,2.2992433405526587,
20260420_0610,xg_MSFT_rf,xgboost,7.731897931792346,-0.0021855196163365,-0.016964969927181807,2.26023674642491,
20260420_0610,xg_MSFT_rf,xgboost,7.073292676657752,0.0039801066188083,0.0278231563715665,2.323123666857451,
20260420_0610,xg_MSFT_rf,xgboost,7.392022842464169,-0.0070842976172598,-0.05252665489250214,2.2010977517358254,
20260420_0610,xg_MSFT_rf,xgboost,7.456992172984796,0.0110333106242392,0.08224282630180138,2.3821222518051206,
20260420_0610,xg_MSFT_rf,xgboost,8.14909586600317,-0.0140911533725431,-0.11517621154191679,2.107758435412507,
20260420_0610,xg_MSFT_rf,xgboost,7.337373753792215,-0.0195780162697354,-0.14405708378497897,1.8041209018837914,
20260420_0610,xg_MSFT_rf,xgboost,7.75622513770468,0.0022724102650768,0.0174158999292106,1.8355412909711968,
20260420_0610,xg_MSFT_rf,xgboost,6.661884306919609,-0.006609092934563,-0.044576182919131055,1.7537198666292468,
20260420_0610,xg_MSFT_rf,xgboost,6.687550464136047,-0.0183808498424141,-0.12293569397345963,1.5381250977901373,
20260420_0610,xg_MSFT_rf,xgboost,7.617925440004164,-0.0127389970327742,-0.0975099170640422,1.3881426470704992,
20260420_0610,xg_MSFT_rf,xgboost,8.274771805208415,0.0046101664176758,0.037819651907700265,1.440641718780939,
20260420_0610,xg_MSFT_rf,xgboost,8.142166904920293,0.0164853367975148,0.13416006123904564,1.633918299996114,
20260420_0610,xg_MSFT_rf,xgboost,7.980085718288109,0.0036557942658936,0.029092511016940988,1.6814530861395323,
20260420_0610,xg_MSFT_rf,xgboost,7.79236958306282,-0.0244950328191171,-0.19096820674342627,1.360349005556266,
20260420_0610,xg_MSFT_rf,xgboost,7.299510749370929,0.0182437881665917,0.13292429841443631,1.5411724427186086,
20260420_0610,xg_MSFT_rf,xgboost,7.220724730835775,-0.0100169091392856,-0.072368736557842,1.4296397402212997,
20260420_0610,xg_MSFT_rf,xgboost,8.429331513829533,-0.0321192758253461,-0.2713483273074698,1.0417093880599644,
20260420_0610,xg_MSFT_rf,xgboost,7.665474399916399,0.01440940194973,0.1100729732068042,1.1563734376211652,
20260420_0610,xg_MSFT_rf,xgboost,6.819909866094544,0.0073429107382587,0.04965520712279115,1.2137934001775381,
20260420_0610,xg_MSFT_rf,xgboost,7.363348459280499,0.0221697291000775,0.16297172131512874,1.4116073999254144,
20260420_0610,xg_MSFT_rf,xgboost,6.643984609131331,0.0169182426789273,0.11204486204726721,1.569770756314959,
20260420_0610,xg_MSFT_rf,xgboost,7.863106735531605,-0.0101562756396395,-0.08046944045316505,1.4434521819145525,
20260420_0610,xg_MSFT_rf,xgboost,6.614136714457045,0.0029316857938934,0.018766085634105208,1.470540129169097,
20260420_0610,xg_MSFT_rf,xgboost,7.135532184106806,0.004335727915091,0.03067702834483725,1.5156519303938378,
20260420_0610,xg_MSFT_rf,xgboost,7.288223740035293,0.0058692405353051,0.04269999242742384,1.580370256344265,
20260420_0610,xg_MSFT_rf,xgboost,6.153257488658541,-0.0024593638646694,-0.01570058224330157,1.5555575231596641,
20260420_0610,xg_MSFT_rf,xgboost,7.303705042387748,0.0068644450908803,0.049560658446591674,1.6326519782590065,
20260420_0610,xg_MSFT_rf,xgboost,7.406152995967011,0.0174839924463106,0.12943789906091818,1.8439790202225042,
20260420_0610,xg_MSFT_rf,xgboost,7.9149338084456895,-0.004939926715879,-0.03935358338099412,1.771411838097374,
20260420_0610,xg_MSFT_rf,xgboost,7.046179696254799,-0.0018527699564732,-0.013489327105227796,1.7475166843752057,
20260420_0610,xg_MSFT_rf,xgboost,6.917110548270356,0.0122083029031732,0.08438164621402673,1.8949750189892633,
20260420_0610,xg_MSFT_rf,xgboost,7.482139683174336,0.0086988340931351,0.06480337719814398,2.0177757999258845,
20260420_0610,xg_MSFT_rf,xgboost,6.793785395699126,0.0034495123578028,0.023091069534986713,2.0643684012279864,
20260420_0610,xg_MSFT_rf,xgboost,6.667344423141478,-0.0081762558386561,-0.05457713425432052,1.9517010898437894,
20260420_0610,xg_MSFT_rf,xgboost,6.3548552532282185,0.0074005748091001,0.04687333711756156,2.0431838329807497,
20260420_0610,xg_MSFT_rf,xgboost,6.66990177754726,0.0003719590210884,0.002323406873772737,2.0479309803426786,
20260420_0610,xg_MSFT_rf,xgboost,7.086404618347737,-0.0026723940330717,-0.01914591683840447,2.0087214641022455,
20260420_0610,xg_MSFT_rf,xgboost,7.168336657825476,-0.0337860301212812,-0.24223060426051463,1.5221476500616928,
20260420_0610,xg_MSFT_rf,xgboost,7.309116211296293,0.0011092262246412,0.00803707360378457,1.5343812627610662,
20260420_0610,xg_MSFT_rf,xgboost,7.265576480714008,-0.0038784000076297,-0.02820058174352652,1.4911108185348374,
20260420_0610,xg_MSFT_rf,xgboost,6.506572428969486,0.0061665168226689,0.03974338631528172,1.5503726118347632,
20260420_0610,xg_MSFT_rf,xgboost,6.334385867607492,0.0190833966019527,0.12079550446067701,1.7376506535833607,
20260420_0610,xg_MSFT_rf,xgboost,7.216505185008618,0.0012028206212868,0.008239101591450916,1.751967333848685,
20260420_0610,xg_MSFT_rf,xgboost,7.240519506390356,-0.0015782034374977,-0.01143901993494528,1.731926544591417,
20260420_0610,xg_MSFT_rf,xgboost,6.559922760033943,0.0094844075271907,0.06187668242987731,1.8390924133829747,
20260420_0610,xg_MSFT_rf,xgboost,7.343321444436048,0.0112416260692953,0.08215917444278645,1.9901907277905118,
20260420_0610,xg_MSFT_rf,xgboost,6.3236782491457095,0.0193678310216702,0.1219661101672202,2.2329265493499895,
20260420_0610,xg_MSFT_rf,xgboost,7.223830654803788,0.0011789041584089,0.008066127795760833,2.2509376202555935,
20260420_0610,xg_MSFT_rf,xgboost,6.897211325834338,0.002242050383759,0.015300585635469073,2.2853782840744135,
20260420_0610,xg_MSFT_rf,xgboost,6.56032057404247,0.0131051985044314,0.085805857999636,2.4814771285931543,
20260420_0610,xg_MSFT_rf,xgboost,7.355908474123151,-0.0045275341639745,-0.03370192087370244,2.3978465827554056,
20260420_0610,xg_MSFT_rf,xgboost,7.193419349273185,-0.0014339014864219,-0.010395899259803859,2.3729188112406154,
20260420_0610,xg_MSFT_rf,xgboost,7.818745523573646,0.0091542135676894,0.07126180326705839,2.5420172847359463,
20260420_0610,xg_MSFT_rf,xgboost,7.095694037359285,-0.0046911732526793,-0.033648655820363055,2.4564818200324527,
20260420_0610,xg_MSFT_rf,xgboost,6.771375392110836,0.0073268083318824,0.0494504103185969,2.577955853973231,
20260420_0610,xg_MSFT_rf,xgboost,6.69374939355573,0.0026832688539915,0.01792231626487503,2.624158794105025,
20260420_0610,xg_MSFT_rf,xgboost,5.562090999390881,0.0015259879691296,0.007921854751192094,2.644946998915988,
20260420_0610,xg_MSFT_rf,xgboost,6.4661889363019505,-0.0130285880081967,-0.0846973606026933,2.4209269691737894,
20260420_0610,xg_MSFT_rf,xgboost,7.148370687376036,0.0218816490916924,0.15607704808296535,2.7987781041468747,
20260420_0610,xg_MSFT_rf,xgboost,6.54010644596345,0.0055831187369119,0.03621005871915054,2.9001220236399057,
20260420_0610,xg_MSFT_rf,xgboost,6.7218063415069595,0.0032441414430044,0.02171564057656076,2.9631000311334383,
20260420_0610,xg_MSFT_rf,xgboost,6.941109332654211,0.0147362307532079,0.10217613731366372,3.2658581467886503,
20260420_0610,xg_MSFT_rf,xgboost,6.8118387907176094,-0.0028231178662955,-0.019295259063367917,3.2028425677821524,
20260420_0610,xg_MSFT_rf,xgboost,7.591388814560076,-0.0143702935343265,-0.10948026061035242,2.852194528767432,
20260420_0610,xg_MSFT_rf,xgboost,7.464004718789281,0.014601482487395,0.10892184213934993,3.1628608109805554,
20260420_0610,xg_MSFT_rf,xgboost,6.910210354034814,-0.0247719524121441,-0.17145629923043307,2.620568401348863,
20260420_0610,xg_MSFT_rf,xgboost,6.978274994876785,-0.0025292420225855,-0.017683778682620964,2.57422684971674,
20260420_0610,xg_MSFT_rf,xgboost,7.520974488550766,0.0009039349985149,0.006527122316301747,2.591029143234749,
20260420_0610,xg_MSFT_rf,xgboost,6.991219851058547,-0.0097805942936256,-0.06864316229949136,2.413172709232974,
20260420_0610,xg_MSFT_rf,xgboost,6.499748116394054,-0.0133475571496797,-0.08700149530942486,2.2032230750898094,
20260420_0610,xg_MSFT_rf,xgboost,5.905476701927817,-0.0071022566796097,-0.042239347059779414,2.1101603709709766,
20260420_0610,xg_MSFT_rf,xgboost,7.441846257482234,-0.0074028919594559,-0.05585936860079942,1.9922881450021093,
20260420_0610,xg_MSFT_rf,xgboost,6.715729635763896,0.0133376780382596,0.08920918136295809,2.1700185394568736,
20260420_0610,xg_MSFT_rf,xgboost,7.430771827542848,0.0043120294595875,0.03168418593194813,2.2387738103367996,
20260420_0610,xg_MSFT_rf,xgboost,6.908904994253717,-0.0358548296506574,-0.24797854505818775,1.683605938135105,
20260420_0610,xg_MSFT_rf,xgboost,7.445155165928122,-0.0244811529888708,-0.18253410772880532,1.3762904304506953,
20260420_0610,xg_MSFT_rf,xgboost,8.512456210623133,0.0164196896113655,0.1392382382864249,1.5679226853571158,
20260420_0610,xg_MSFT_rf,xgboost,7.3540368344871485,0.003433180977018,0.024668529676382958,1.6066010326511218,
20260420_0610,xg_MSFT_rf,xgboost,7.559527849272249,-0.0089283902238762,-0.06759716005395477,1.4979993655041548,
20260420_0610,xg_MSFT_rf,xgboost,6.807933902836054,-0.0108058941719638,-0.07394161025698899,1.3872348802548298,
20260420_0610,xg_MSFT_rf,xgboost,8.054814445180034,-0.0029640789796074,-0.024498546452768173,1.3532496421000066,
20260420_0610,xg_MSFT_rf,xgboost,6.884901202298102,-0.0206660814961106,-0.1428688859608034,1.1599123733063228,
20260420_0610,xg_MSFT_rf,xgboost,8.59453457006012,-0.0326568048027255,-0.28152485450861064,0.833368211168523,
20260420_0610,xg_MSFT_rf,xgboost,8.869403734367662,0.0112870366898747,0.09997185078496569,0.9166815736243963,
20260420_0610,xg_MSFT_rf,xgboost,8.422011559186053,-0.0029528460288554,-0.02509259947510762,0.8936796500512278,
20260420_0610,xg_MSFT_rf,xgboost,8.384156210754957,0.0106918486531435,0.08962320161548955,0.9737740815074293,
20260420_0610,xg_MSFT_rf,xgboost,7.337606385190036,0.008269404608552,0.06015436114464861,1.0323508392797258,
20260420_0610,xg_MSFT_rf,xgboost,8.211991111809049,0.0019456875797545,0.015540776747991706,1.048394373198574,
20260420_0610,xg_MSFT_rf,xgboost,7.6678603114665185,0.0176987375803268,0.13543938205507755,1.1903882592546093,
20260420_0610,xg_MSFT_rf,xgboost,8.222297875976214,0.0068838934763,0.056324203926373155,1.2574359303204263,
20260420_0610,xg_MSFT_rf,xgboost,7.569359316391638,0.0118236793528982,0.08917120818409516,1.3695630114411905,
20260420_0610,xg_MSFT_rf,xgboost,6.670596082628972,-0.0060803125425549,-0.04100869064440786,1.3133990255869752,
20260420_0610,xg_MSFT_rf,xgboost,6.244562354557081,0.0073123694516177,0.04544953013614915,1.3730923941811792,
20260420_0610,xg_MSFT_rf,xgboost,6.979875830386816,0.0077574926056511,0.05377867840467369,1.4469354884677523,
20260420_0610,xg_MSFT_rf,xgboost,6.637465456365432,-0.0015536117803544,-0.010483249711715421,1.4317669024254018,
20260420_0610,xg_MSFT_rf,xgboost,7.071945440317319,-0.0202528387379071,-0.14344421055800002,1.226388229403917,
20260420_0610,xg_MSFT_rf,xgboost,8.148073891200442,0.0029840317930187,0.02377604731776615,1.255546893976176,
20260420_0610,xg_MSFT_rf,xgboost,6.270206277588855,-0.0079176441741785,-0.05058419601145465,1.192036063789712,
20260420_0610,xg_MSFT_rf,xgboost,7.1340636844264855,0.0008464384697621,0.005606617244812508,1.198719353741394,
20260420_0610,xg_MSFT_rf,xgboost,6.833365483635759,-0.0078290518252793,-0.05364912161285447,1.1344091133528396,
20260420_0610,xg_MSFT_rf,xgboost,7.0449837155669295,0.0061371614759686,0.043130393542037904,1.183336624849422,
20260420_0610,xg_MSFT_rf,xgboost,7.728393420946407,0.0097310285039535,0.07486351181630645,1.2719253602465046,
20260420_0610,xg_MSFT_rf,xgboost,7.538558683469534,-0.0184591490352871,-0.13925029561816027,1.0948093778279437,
20260420_0610,xg_MSFT_rf,xgboost,8.878544820003134,-0.0013187889763448,-0.012378920102870158,1.0812568200119388,
20260420_0610,xg_MSFT_rf,xgboost,7.173842352594057,-0.0012473648285401,-0.009800749869821731,1.0706596923739629,
20260420_0610,xg_MSFT_rf,xgboost,7.570425251444461,-0.0163812238232758,-0.12421112193071589,0.9376718507781977,
20260420_0610,xg_MSFT_rf,xgboost,7.274389260901239,0.0100072870684548,0.07264888358625181,1.0057926639074881,
20260420_0610,xg_MSFT_rf,xgboost,7.734411669444057,0.0209011986298373,0.16142846338371034,1.1681562281246827,
20260420_0610,xg_MSFT_rf,xgboost,7.724734085331737,0.0213424210742403,0.1648596887436303,1.360738100297251,
20260420_0610,xg_MSFT_rf,xgboost,7.31778343554117,0.0093606705579509,0.06829588462963573,1.4536709126063017,
20260420_0610,xg_MSFT_rf,xgboost,7.3878446966359155,0.0084075660140496,0.062078761357965334,1.543913002283004,
20260420_0610,xg_MSFT_rf,xgboost,7.412266799659037,0.0017418065111955,0.01289852352285278,1.5638272004601896,
20260420_0610,xg_MSFT_rf,xgboost,7.013180792635756,0.0088329659462367,0.0617476441126413,1.6603898458878734,
20260420_0610,xg_MSFT_rf,xgboost,8.135812498903807,-0.0099736521609875,-0.0817050797642151,1.5247275610899118,
20260420_0610,xg_MSFT_rf,xgboost,6.967172335903588,0.0182911678843362,0.1268533987936152,1.7181444344484667,
20260420_0610,xg_MSFT_rf,xgboost,7.065978288809484,-0.0077959477484081,-0.05513540050739777,1.6234138529255941,
20260420_0610,xg_MSFT_rf,xgboost,7.920578916801453,-0.00404347532182,-0.03245396569861045,1.570727635428098,
20260420_0610,xg_MSFT_rf,xgboost,7.39532504458663,-0.010011170131848,-0.07429848413778056,1.4540249531224698,
20260420_0610,xg_MSFT_rf,xgboost,7.443852563583742,0.0068502103780963,0.05096769232458154,1.52813324956548,
20260420_0610,xg_MSFT_rf,xgboost,6.518555773877458,-0.0018512154116235,-0.012529899304982443,1.508985893823829,
20260420_0610,xg_MSFT_rf,xgboost,6.522007366984626,-0.0076279042998659,-0.04975097383493269,1.433912376102917,
20260420_0610,xg_MSFT_rf,xgboost,6.297831341024946,0.0053268361325786,0.033435427531277775,1.4818558494403087,
20260420_0610,xg_MSFT_rf,xgboost,6.481739475206568,-0.0223332803331093,-0.14485045881305986,1.2672083497540634,
20260420_0610,xg_MSFT_rf,xgboost,7.647838330057663,-0.0084623362700197,-0.0653016291151194,1.184457580086841,
20260420_0610,xg_MSFT_rf,xgboost,6.4608566683311555,-0.0014143832914325,-0.009731618550891089,1.1729308907277245,
20260420_0610,xg_MSFT_rf,xgboost,6.935935173685647,-0.0011523660342057,-0.008230275362285199,1.1632773465161048,
20260420_0610,xg_MSFT_rf,xgboost,7.263727563936321,-0.0156708761303389,-0.11399287109409977,1.030672021908008,
20260420_0610,xg_MSFT_rf,xgboost,7.315802531947352,0.0126239309177296,0.09232814828704915,1.1258320611820434,
20260420_0610,xg_MSFT_rf,xgboost,7.2012612347935825,0.006631129905227,0.04769522808081475,1.1795288781208146,
20260420_0610,xg_MSFT_rf,xgboost,7.715926244655497,-0.0038805813402242,-0.030199611912487268,1.1439075637619947,
20260420_0610,xg_MSFT_rf,xgboost,7.611153914536299,0.0011543059092562,0.00873321377474811,1.1538975530548794,
20260420_0610,xg_MSFT_rf,xgboost,7.327849847489966,0.0067736819119377,0.049494871931815045,1.2110095646657655,
20260420_0610,xg_MSFT_rf,xgboost,7.735718492495808,-0.0009543603461655,-0.007586597300840081,1.2018221227711807,
20260420_0610,xg_MSFT_rf,xgboost,7.61268573689183,-0.0062568990127208,-0.0476933222491142,1.1445032329837403,
20260420_0610,xg_MSFT_rf,xgboost,7.732807687059014,0.0014419300404986,0.011090106726285298,1.1571958959861086,
20260420_0610,xg_MSFT_rf,xgboost,7.160437761304908,0.0034555307495931,0.024456927901859632,1.1854973525825687,
20260420_0610,xg_MSFT_rf,xgboost,8.1186121155683,0.0014826663303761,0.011558105656004902,1.1991994562386321,
20260420_0610,xg_MSFT_rf,xgboost,7.397860309140356,0.0208463273607255,0.15385784187004384,1.383705696547238,
20260420_0610,xg_MSFT_rf,xgboost,7.80074101833622,-0.0068069014656364,-0.05330031582536073,1.3099537459119195,
20260420_0610,xg_MSFT_rf,xgboost,7.014114621076654,0.0003062004537526,0.0017544118810166346,1.3122519443273297,
20260420_0610,xg_MSFT_rf,xgboost,6.588038961340009,0.0080521115621257,0.052834586862472166,1.3815842336653401,
20260420_0610,xg_MSFT_rf,xgboost,8.01549793571618,-0.0036435066101023,-0.029918249199231327,1.3402496522728113,
20260420_0610,xg_MSFT_rf,xgboost,7.10164589376579,0.0125648445771131,0.08877415087588542,1.459229177115031,
20260420_0610,xg_MSFT_rf,xgboost,7.3006273046843395,0.0013426262166209,0.009702522911588298,1.4733873816392478,
20260420_0610,xg_MSFT_rf,xgboost,6.998171371168734,-0.060527543359667,-0.42373334907355364,0.8490640119345352,
20260420_0610,xg_MSFT_rf,xgboost,8.07728668603575,0.0098929226594763,0.07936841482593579,0.9164528766475286,
20260420_0610,xg_MSFT_rf,xgboost,7.801253958339006,-0.00465439198431,-0.0364481102551081,0.8830499011558686,
20260420_0610,xg_MSFT_rf,xgboost,6.969219303622631,0.0073447043417869,0.05077083795082402,0.9278830845899444,
20260420_0610,xg_MSFT_rf,xgboost,6.913857404209226,0.0211928772891027,0.14649685061205356,1.063815034218569,
20260420_0610,xg_MSFT_rf,xgboost,7.403223409269828,0.0124945717147211,0.0922554228046936,1.1619577399863927,
20260420_0610,xg_MSFT_rf,xgboost,7.461274024373456,-0.0067930096945333,-0.050713532088690186,1.1030307588538908,
20260420_0610,xg_MSFT_rf,xgboost,7.256590137742292,-0.0107210375436157,-0.07790051724868213,1.0171040921979662,
20260420_0610,xg_MSFT_rf,xgboost,8.83174519325325,0.0120093206403082,0.1052756823115235,1.1241804194859497,
20260420_0610,xg_MSFT_rf,xgboost,7.21746980686818,0.0051297011190971,0.03621632525214869,1.1648941032001499,
20260420_0610,xg_MSFT_rf,xgboost,7.238910195648477,0.0039746256552217,0.02876123798508022,1.1983978997297058,
20260420_0610,xg_MSFT_rf,xgboost,8.076002247695378,-0.0278526877285314,-0.2253569147260005,0.9283306464325004,
20260420_0610,xg_MSFT_rf,xgboost,7.071702867235748,0.0018314185782783,0.012449098320889657,0.9398875259242336,
20260420_0610,xg_MSFT_rf,xgboost,5.684666888155829,0.0048826275739615,0.02706259330735561,0.9653233197929778,
20260420_0610,xg_MSFT_rf,xgboost,6.579946610558969,-0.0055053037793769,-0.03667224480441009,0.9299227466941239,
20260420_0610,xg_MSFT_rf,xgboost,7.038241125197656,-0.0043166703610506,-0.03061091411638749,0.9014569613601949,
20260420_0610,xg_MSFT_rf,xgboost,6.631674156471177,0.0100030061334674,0.06613339377797518,0.9610733695597256,
20260420_0610,xg_MSFT_rf,xgboost,6.967377977205986,0.0042927429774175,0.02974131097229694,0.9896569515109948,
20260420_0610,xg_MSFT_rf,xgboost,7.071851209332943,0.0219680091822769,0.15530225568625858,1.1433529084362386,
20260420_0610,xg_MSFT_rf,xgboost,8.060342085172543,-0.0116825255853572,-0.09465939807467944,1.0351238103367302,
20260420_0610,xg_MSFT_rf,xgboost,6.927476671957888,0.001111110625475,0.007130760231335272,1.0425050300379877,
20260420_0610,xg_MSFT_rf,xgboost,6.354260807087215,0.0177585482136706,0.11255583897246044,1.1598450583269233,
20260420_0610,xg_MSFT_rf,xgboost,6.2822471545860115,0.0005104735006344,0.0031709138706014187,1.1635228271101206,
20260420_0610,xg_MSFT_rf,xgboost,6.508977053679921,0.0144247376440189,0.09377692138072502,1.2726344157927054,
20260420_0610,xg_MSFT_rf,xgboost,7.083934400495648,0.0118879832200811,0.08392621461183968,1.379441804894937,
20260420_0610,xg_MSFT_rf,xgboost,5.678519138936142,0.0021463610506198,0.011485444674231866,1.3952853074263805,
20260420_0610,xg_MSFT_rf,xgboost,6.057867140526224,0.0055232810558216,0.03326962881515762,1.4417059316956993,
20260420_0610,xg_MSFT_rf,xgboost,6.354565167546994,-0.0060312449201632,-0.03847428790012421,1.3862373226123221,
20260420_0610,xg_MSFT_rf,xgboost,5.955282716844811,0.0127672590798686,0.07583299611447036,1.4913598521117162,
20260420_0610,xg_MSFT_rf,xgboost,6.339412357776918,0.0012693261529295,0.007854717079464654,1.5030740618137262,
20260420_0610,xg_MSFT_rf,xgboost,5.8691338888808735,-0.0050938289474432,-0.0301315033340493,1.4577841807088627,
20260420_0610,xg_MSFT_rf,xgboost,6.233602915647278,0.0096586534513556,0.060025975802213714,1.5452890986649428,
20260420_0610,xg_MSFT_rf,xgboost,7.254054220250413,0.0063552605812406,0.045591179187837894,1.6157406508591887,
20260420_0610,xg_MSFT_rf,xgboost,5.978918246727323,-0.0375610412940998,-0.22521196314613331,1.2518565269441797,
20260420_0610,xg_MSFT_rf,xgboost,7.823829810576467,-0.0008230337872171,-0.007361732061465368,1.24264069461342,
20260420_0610,xg_MSFT_rf,xgboost,5.550215105925982,-0.0009838289375718,-0.006597269583283357,1.234442658955897,
20260420_0610,xg_MSFT_rf,xgboost,5.87283376938478,-0.003092155027529,-0.018321021797574635,1.2118264080933099,
20260420_0610,xg_MSFT_rf,xgboost,5.885341319447913,0.0093739080103687,0.05516239436309511,1.2786736543161663,
20260420_0610,xg_MSFT_rf,xgboost,7.694641222588071,-0.0027770366735764,-0.0222729508167099,1.2501938189029596,
20260420_0610,xg_MSFT_rf,xgboost,7.34047101377798,-0.0173015138332284,-0.12717834589169685,1.0911962369708574,
20260420_0610,xg_MSFT_rf,xgboost,6.553215195832411,-0.0132395208299441,-0.0871550569973022,0.9960929667424206,
20260420_0610,xg_MSFT_rf,xgboost,7.688737483634487,-0.0078385217946126,-0.06083609748242481,0.935494557916121,
20260420_0610,xg_MSFT_rf,xgboost,7.311477206931165,-0.0069275231538813,-0.05083905777844268,0.8879348960348047,
20260420_0610,xg_MSFT_rf,xgboost,6.73827509742866,0.011395711491791,0.07650083790786563,0.9558626595891008,
20260420_0610,xg_MSFT_rf,xgboost,6.734127943845634,0.010629511208285,0.07157841488034088,1.0242817936057955,
20260420_0610,xg_MSFT_rf,xgboost,7.012387346623904,-0.0128082429982557,-0.08995549083484161,0.9321420221087942,
20260420_0610,xg_MSFT_rf,xgboost,7.509260933737969,0.0051849395790724,0.038686627431363134,0.9682034532312345,
20260420_0610,xg_MSFT_rf,xgboost,7.870745092437127,-0.0132136961378966,-0.10418237610965467,0.8673337169160316,
20260420_0610,xg_MSFT_rf,xgboost,8.260212076945919,-0.0042009059476746,-0.03489510753535007,0.8370680135952118,
20260420_0610,xg_MSFT_rf,xgboost,7.190619325085256,-0.003643494839127,-0.026733780777005334,0.814690020824314,
20260420_0610,xg_MSFT_rf,xgboost,6.801269879508679,0.0255972101702117,0.17389885980732578,0.9563636865420686,
20260420_0610,xg_MSFT_rf,xgboost,7.686353871689614,-0.0040580531810597,-0.031634174775851044,0.9261099105327195,
20260420_0610,xg_MSFT_rf,xgboost,7.137309073840021,0.0104810786202818,0.07453217514124315,0.9951348965845852,
20260420_0610,xg_MSFT_rf,xgboost,8.291896039105591,-0.0012353730814496,-0.010820878643522392,0.9843666626347092,
20260420_0610,xg_MSFT_rf,xgboost,6.523730220197923,0.0413069315360383,0.2685911946558458,1.2487588805311538,
20260420_0610,xg_MSFT_rf,xgboost,7.84826757406668,0.0011428797143617,0.00830735712634914,1.2591327665164262,
20260420_0610,xg_MSFT_rf,xgboost,7.0083426600322705,-0.0059321894774512,-0.041994779039232995,1.2062557642055107,
20260420_0610,xg_MSFT_rf,xgboost,7.42782497412727,-0.0213935914566077,-0.15911759406471396,1.014319249178437,
20260420_0610,xg_MSFT_rf,xgboost,7.015734770051856,0.0290868780258208,0.20385977641597058,1.2210981445303684,
20260420_0610,xg_MSFT_rf,xgboost,6.324422713976706,-0.0108899930932869,-0.06921857570227069,1.1365754701732906,
20260420_0610,xg_MSFT_rf,xgboost,8.762221131575629,-0.0618090170469366,-0.5428031744993856,0.5196386969050967,
20260420_0610,xg_MSFT_rf,xgboost,8.05581373573271,0.0001686952417991,0.001005773748116482,0.5201613358649493,
20260420_0610,xg_MSFT_rf,xgboost,6.541080982158672,-0.0099743540366373,-0.06600042387515284,0.4858304672143969,
20260420_0610,xg_MSFT_rf,xgboost,7.191377277231566,0.0035284974761524,0.025049608425234852,0.49800033017916645,
20260420_0610,xg_MSFT_rf,xgboost,6.919391036166463,0.002231032043233,0.015301390000814017,0.505620427451772,
20260420_0610,xg_MSFT_rf,xgboost,10.689701402436938,0.0061216431761002,0.06355338246164158,0.5377543158580332,
20260420_0610,xg_MSFT_rf,xgboost,7.297013669156787,-0.0145976909540866,-0.10821589429673638,0.47956075165552653,
20260420_0610,xg_MSFT_rf,xgboost,7.790604083662797,0.0060280425311596,0.04671529755249199,0.5019635748636112,
20260420_0610,xg_MSFT_rf,xgboost,8.363023154133138,-0.0018921114507687,-0.016109981408214253,0.49387695100495765,
20260420_0610,xg_MSFT_rf,xgboost,6.691048358010993,-0.0058332059574039,-0.03986625054128838,0.47418792873962645,
20260420_0610,xg_MSFT_rf,xgboost,7.225124371916116,0.0036670507729092,0.02622785990544753,0.4866248633034637,
20260420_0610,xg_MSFT_rf,xgboost,6.669910343706069,-0.0051395064101413,-0.034557653980650124,0.46980824965904144,
20260420_0610,xg_MSFT_rf,xgboost,7.076615051384505,0.0029625408217892,0.020761408615975255,0.47956213070136894,
20260420_0610,xg_MSFT_rf,xgboost,6.743072872542697,0.012523125260212,0.08427757513216885,0.5199784642020966,
20260420_0610,xg_MSFT_rf,xgboost,8.365161218197958,0.0052907179613774,0.043446664534109954,0.5425697941012468,
20260420_0610,xg_MSFT_rf,xgboost,7.230424897875737,-0.019032524836591,-0.138180609608087,0.4675971691974023,
20260420_0610,xg_MSFT_rf,xgboost,7.414381674889799,-0.0103132297771684,-0.07655820025727221,0.43179877147825396,
20260420_0610,xg_MSFT_rf,xgboost,7.159666340592863,-0.0150991467605887,-0.10823221050060715,0.385064235949716,
20260420_0610,xg_MSFT_rf,xgboost,7.374005297218068,0.004599156926851,0.03380703806302384,0.3980821172311772,
20260420_0610,xg_MSFT_rf,xgboost,7.26717109377788,-0.0180121484705015,-0.13095078180338407,0.3459529527578082,
20260420_0610,xg_MSFT_rf,xgboost,7.386096867430055,0.011362271627044,0.08386337598457301,0.3749657353079095,
20260420_0610,xg_MSFT_rf,xgboost,7.497631659899394,-0.0214112030322538,-0.16058908112739467,0.31475033242055445,
20260420_0610,xg_MSFT_rf,xgboost,9.040593545574517,0.0003089448192732,0.0020215635962224166,0.3153866202344747,
20260420_0610,xg_MSFT_rf,xgboost,9.270635634862732,0.0319343001435361,0.29593623984042366,0.40872095072264486,
20260420_0610,xg_MSFT_rf,xgboost,7.942695166898575,-0.0102986874719533,-0.08246330544286445,0.37501647012230543,
20260420_0610,xg_MSFT_rf,xgboost,8.655201996711995,-0.0090201941117198,-0.0784278555013937,0.3456047325929105,
20260420_0610,xg_MSFT_rf,xgboost,7.303632245234845,-0.0334341511607524,-0.24486652938546583,0.26097770118369257,
20260420_0610,xg_MSFT_rf,xgboost,9.22036477004976,0.0007627943381085,0.00607487577948158,0.26256310829959817,
20260420_0610,xg_MSFT_rf,xgboost,7.232269956695739,0.0074122984308517,0.05261369584483471,0.2763775238197476,
20260420_0610,xg_MSFT_rf,xgboost,7.755397132336795,-0.0117410935465948,-0.0913184068095799,0.25113916866655156,
20260420_0610,xg_MSFT_rf,xgboost,7.587845982213971,0.025846782708365,0.1960376307517635,0.3003718962809098,
20260420_0610,xg_MSFT_rf,xgboost,7.274827164087864,0.0003604102693977,0.0024654130089675594,0.30111243706152907,
20260420_0610,xg_MSFT_rf,xgboost,8.620764507338718,-0.0133264990284138,-0.11555757850285903,0.26631661297760423,
20260420_0610,xg_MSFT_rf,xgboost,7.739831698803412,0.0112119393459033,0.0863380571502159,0.28930987192891655,
20260420_0610,xg_MSFT_rf,xgboost,7.666708122487522,-0.0025270512230189,-0.019410725925618974,0.28369415729732844,
20260420_0610,xg_MSFT_rf,xgboost,6.847549408850767,0.011426057621398,0.07783091475408031,0.3057743330701675,
20260420_0610,xg_MSFT_rf,xgboost,7.330403177146919,0.0046515857432165,0.033856572026697465,0.316126803801673,
20260420_0610,xg_MSFT_rf,xgboost,7.142865365781751,0.0052915736071266,0.037703228943146816,0.3280458050604727,
20260420_0610,xg_MSFT_rf,xgboost,6.365301177545699,-0.0131338535887343,-0.08398971580820126,0.300493331121371,
20260420_0610,xg_MSFT_rf,xgboost,6.772964389154716,0.0015640950950892,0.010389728774486202,0.30361537533026395,
20260420_0610,xg_MSFT_rf,xgboost,7.347675853037673,-0.030160324672559,-0.2218956450482796,0.23624444577477952,
20260420_0610,xg_MSFT_rf,xgboost,7.493773183189821,-0.0090019543417575,-0.0675316527076376,0.2202904679086088,
20260420_0610,xg_MSFT_rf,xgboost,7.256513059285708,0.0181144502899324,0.13132911502872419,0.24922102010830993,
20260420_0610,xg_MSFT_rf,xgboost,6.7403734461059175,-0.0001308288117871,-0.0011399048555452529,0.24893693185738452,
20260420_0610,xg_MSFT_rf,xgboost,7.0076707236655045,-0.023630163414979,-0.16572605299735982,0.20768159669538747,
20260420_0610,xg_MSFT_rf,xgboost,7.524309277454312,-0.0355657761966956,-0.2678662190735548,0.15205071261743516,
20260420_0610,xg_MSFT_rf,xgboost,9.482147708097868,-0.0055025549804706,-0.053154958312073584,0.1439684633269343,
20260420_0610,xg_MSFT_rf,xgboost,7.753738293243351,-0.0092214958393148,-0.07236527011770666,0.13355014658984957,
20260420_0610,xg_MSFT_rf,xgboost,8.566957413003852,0.1013368397945768,0.8677417813286532,0.2494371886884284,
20260420_0610,xg_MSFT_rf,xgboost,7.357621385820677,-0.0234064834503853,-0.1728207112150042,0.20632927633582301,
20260420_0610,xg_MSFT_rf,xgboost,7.959930573163104,0.0186182106835679,0.14789850984405284,0.23684506884309303,
20260420_0610,xg_MSFT_rf,xgboost,6.941667736210735,-0.0016477168149999,-0.011947034071572903,0.23401547273594056,
20260420_0610,xg_MSFT_rf,xgboost,7.907594205884237,-0.0053634024519929,-0.04289457338804112,0.2239774788667316,
20260420_0610,xg_MSFT_rf,xgboost,7.90856033492481,-0.0366059205463962,-0.28950061432115837,0.15913586114070855,
20260420_0610,xg_MSFT_rf,xgboost,7.632030797673446,-0.0103065083148915,-0.07879785364435506,0.14659629684497458,
20260420_0610,xg_MSFT_rf,xgboost,7.611756092930627,-0.0235466901563605,-0.17924179961839806,0.12032011278108845,
20260420_0610,xg_MSFT_rf,xgboost,8.62232200601716,0.0214413302004412,0.18436877026900123,0.14250338401316526,
20260420_0610,xg_MSFT_rf,xgboost,7.122201032471568,0.020636892546902,0.14623003691777745,0.1633416591183186,
20260420_0610,xg_MSFT_rf,xgboost,7.693918696725884,0.0344826821484727,0.2650210940632628,0.20663064432396394,
20260420_0610,xg_MSFT_rf,xgboost,7.542652138827447,0.0117480255667754,0.08853563688928878,0.22492482002003017,
20260420_0610,xg_MSFT_rf,xgboost,6.770798941810271,-0.0017609451266145,-0.012308931998375999,0.22215623570565665,
20260420_0610,xg_MSFT_rf,xgboost,7.972103716450168,0.0073627276407906,0.05809577600103717,0.23506257461244612,
20260420_0610,xg_MSFT_rf,xgboost,6.75650292351403,0.0030961919585945,0.0203116296235363,0.23983707856632902,
20260420_0610,xg_MSFT_rf,xgboost,8.125053314273922,0.076253596399854,0.6188802609585599,0.38826751233699736,
20260420_0610,xg_MSFT_rf,xgboost,7.449893734859462,0.0232251858030043,0.17268758641504142,0.4553164919258458,
20260420_0610,xg_MSFT_rf,xgboost,7.810625360583239,0.0020446642789406,0.015789740858110204,0.46250582134177876,
20260420_0610,xg_MSFT_rf,xgboost,8.590998563963433,-0.0065571132993458,-0.05672233754011539,0.4362714100293621,
20260420_0610,xg_MSFT_rf,xgboost,7.852227608736122,9.240053175019192e-05,0.0003561645288571,0.436426794430569,
20260420_0610,xg_MSFT_rf,xgboost,7.460226320641273,0.0111225911200081,0.0827810463831679,0.47255466114318323,
20260420_0610,xg_MSFT_rf,xgboost,8.440079394212939,0.001278066170997,0.010297053417486577,0.4774205817316569,
20260420_0610,xg_MSFT_rf,xgboost,9.705878416253034,0.0240010536141868,0.23231840873024748,0.5883341715746245,
20260420_0610,xg_MSFT_rf,xgboost,8.303447533601345,-0.0002670179082704,-0.002918384633181088,0.5866171861691258,
20260420_0610,xg_MSFT_rf,xgboost,7.334392888298048,0.0084605185159727,0.061568239512212485,0.6227341735891667,
20260420_0610,xg_MSFT_rf,xgboost,7.324220754215303,0.0022561342022029,0.016519338881028092,0.6330213304354831,
20260420_0610,xg_MSFT_rf,xgboost,7.040587920080303,0.0025157819781163,0.01757076778761385,0.6441440012371713,
20260420_0610,xg_MSFT_rf,xgboost,6.841996720773331,0.0101261207522094,0.06918358938111799,0.6887081953210741,
20260420_0610,xg_MSFT_rf,xgboost,6.0161493340954,-0.0015254114727879,-0.009590026909573373,0.6821034651951013,
20260420_0610,xg_MSFT_rf,xgboost,7.242871009215649,-0.0122225382128086,-0.08913962851814199,0.6213010156966726,
20260420_0610,xg_MSFT_rf,xgboost,7.185621660577075,0.0050599003103872,0.036329904596359645,0.643872822322554,
20260420_0610,xg_MSFT_rf,xgboost,5.839733783460306,-0.010288844524727,-0.060757056902377246,0.6047530046188084,
20260420_0610,xg_MSFT_rf,xgboost,7.397545579101061,0.0233462427469777,0.17192598892370475,0.7087257629924789,
20260420_0610,xg_MSFT_rf,xgboost,7.822346039260113,-0.0072283394507839,-0.05675497270334659,0.6685020516596822,
20260420_0610,xg_MSFT_rf,xgboost,6.9831256769200305,0.0028861999642286,0.01973508689776037,0.6816949977405171,
20260420_0610,xg_MSFT_rf,xgboost,7.264094199238083,0.0036626644056636,0.026465455001777733,0.6997363660281558,
20260420_0610,xg_MSFT_rf,xgboost,6.674882878037044,0.0034972774949539,0.023049312010211553,0.7158648078536304,
20260420_0610,xg_MSFT_rf,xgboost,7.147746466555048,0.002164593056771,0.015235530578805504,0.726771388023975,
20260420_0610,xg_MSFT_rf,xgboost,7.0162366215803305,0.0019439789824056,0.013573661605449278,0.7366363369095352,
20260420_0610,xg_MSFT_rf,xgboost,6.83137060729421,0.0082135065714339,0.05601707436776834,0.7779005493761971,
20260420_0610,xg_MSFT_rf,xgboost,6.433492366277958,0.0057732035356319,0.03694292175494862,0.8066384685049335,
20260420_0610,xg_MSFT_rf,xgboost,7.0936869370634925,0.0050385036508138,0.035411470244731805,0.8352027226306521,
20260420_0610,xg_MSFT_rf,xgboost,5.72876339306999,-0.0038709607045448,-0.022858279752205415,0.816111425146957,
20260420_0610,xg_MSFT_rf,xgboost,6.9330956570875815,0.0036098981722312,0.024425603208415733,0.8360454389914513,
20260420_0610,xg_MSFT_rf,xgboost,7.093321706545953,0.0132241441020402,0.0937229953847642,0.9144021218115004,
20260420_0610,xg_MSFT_rf,xgboost,6.2581918838839705,-0.0081650618960957,-0.05151608900088737,0.867295700721659,
20260420_0610,xg_MSFT_rf,xgboost,7.96436376750059,0.0088008602522449,0.06924016657400706,0.9273473995085467,
20260420_0610,xg_MSFT_rf,xgboost,7.032085341489059,-0.0022958040029,-0.01661042888873076,0.9119437614738606,
20260420_0610,xg_MSFT_rf,xgboost,6.533216817693397,0.0046020452749768,0.029816725324367032,0.9391349381209968,
20260420_0610,xg_MSFT_rf,xgboost,6.701423778015273,-0.0059137329004027,-0.03971453375575082,0.9018376319197855,
20260420_0610,xg_MSFT_rf,xgboost,7.743784733042763,0.0180142946486592,0.13897763939930732,1.0271728971254588,
20260420_0610,xg_MSFT_rf,xgboost,7.126541361585413,0.0084567490823594,0.059958750434255075,1.088760900517035,
20260420_0610,xg_MSFT_rf,xgboost,6.259908820595656,0.0044072308622775,0.02715554707867744,1.1183267984084486,
20260420_0610,xg_MSFT_rf,xgboost,6.13862442042605,0.0105226861476261,0.06453417595421168,1.1904970967912498,
20260420_0610,xg_MSFT_rf,xgboost,6.119292845012469,-0.0030354865744171,-0.01858469706366876,1.1683720688922072,
20260420_0610,xg_MSFT_rf,xgboost,7.773194781366795,0.0029640212750998,0.022212963739288757,1.1943250752925076,
20260420_0610,xg_MSFT_rf,xgboost,6.59487443751053,-0.0107758756343877,-0.07165470693494413,1.108746062037368,
20260420_0610,xg_MSFT_rf,xgboost,8.108723526026708,-0.0019509217846548,-0.016576409916926476,1.0903670328192585,
20260420_0610,xg_MSFT_rf,xgboost,6.922118232234653,0.0157812656551803,0.10864648407256608,1.2088315772837073,
20260420_0610,xg_MSFT_rf,xgboost,7.382612355711756,-0.0022452582003859,-0.016806117993670638,1.1885158111614023,
20260420_0610,xg_MSFT_rf,xgboost,7.50024471636816,-0.0022101012797087,-0.01663511662610189,1.1687447120307664,
20260420_0610,xg_MSFT_rf,xgboost,7.334033159996639,0.0138738756668492,0.10166835842015674,1.2875690683151733,
20260420_0610,xg_MSFT_rf,xgboost,7.549240063419334,-0.0040317669290502,-0.03054437987886625,1.2482410695722768,
20260420_0610,xg_MSFT_rf,xgboost,6.885140238598511,0.0036691458164883,0.024930533589978574,1.2793603854856392,
20260420_0610,xg_MSFT_rf,xgboost,6.772121484309544,-0.0005960652012634,-0.004093135332669647,1.27412379028859,
20260420_0610,xg_MSFT_rf,xgboost,7.69373889619303,0.005566410200881,0.042365697968742067,1.3281029339627453,
20260420_0610,xg_MSFT_rf,xgboost,8.106493346447428,-0.0003953520915307,-0.0034112963246248924,1.3235723813053946,
20260420_0610,xg_MSFT_rf,xgboost,7.611589915547441,0.0120247926433849,0.09128033870548757,1.4443885165721795,
20260420_0610,xg_MSFT_rf,xgboost,6.9427429563011795,-0.0032246096333383,-0.02272205929830354,1.4115690350488377,
20260420_0610,xg_MSFT_rf,xgboost,7.426071497520133,1.9678892233532252e-05,-9.552740989127254e-05,1.4114341915150368,
20260420_0610,xg_MSFT_rf,xgboost,7.085533422640792,-0.0093911001162897,-0.06671122278677617,1.3172756907160037,
20260420_0610,xg_MSFT_rf,xgboost,7.658771169396024,0.0011874688773136,0.008807933528746847,1.3288781674388643,
20260420_0610,xg_MSFT_rf,xgboost,7.568616601483065,0.009903820307622,0.07491314151441651,1.4284286056516304,
20260420_0610,xg_MSFT_rf,xgboost,7.495092251017402,0.0055394698492192,0.04148207536639453,1.4876827887267852,
20260420_0610,xg_MSFT_rf,xgboost,8.075487351462769,-0.0023555169508848,-0.019312144893249034,1.4589524431557006,
20260420_0610,xg_MSFT_rf,xgboost,6.62865018624166,0.0001366145828312,0.00018215169731680605,1.4592181938195259,
20260420_0610,xg_MSFT_rf,xgboost,7.3970190668561955,0.0013071529074271,0.009284850539227504,1.4727668166532617,
20260420_0610,xg_MSFT_rf,xgboost,7.252363861473047,0.0394747449810164,0.28621288633849623,1.8942916581511506,
20260420_0610,xg_MSFT_rf,xgboost,7.298501030559448,-0.0176008393648103,-0.1284828128273225,1.650907737596558,
20260420_0610,xg_MSFT_rf,xgboost,8.184312023670554,0.0219991442382554,0.1796049552030609,1.9474189478519746,
20260420_0610,xg_MSFT_rf,xgboost,7.122161734662867,-0.0147299116964016,-0.1054398885835783,1.742083310964913,
20260420_0610,xg_MSFT_rf,xgboost,7.242082064198887,-0.0053244744476292,-0.038620241063228714,1.6748036335432204,
20260420_0610,xg_MSFT_rf,xgboost,7.198296590198628,-0.0078104826788715,-0.056244063572126295,1.5806058715073874,
20260420_0610,xg_MSFT_rf,xgboost,7.547934888014673,0.0023040592011676,0.017216069679636126,1.6078176923273007,
20260420_0610,xg_MSFT_rf,xgboost,6.986922798944891,-0.0005171863323104,-0.0038940470210571134,1.6015567746320907,
20260420_0610,xg_MSFT_rf,xgboost,6.948468482354478,0.0143165789869692,0.09945907070779869,1.7608461231227779,
20260420_0610,xg_MSFT_rf,xgboost,7.543218226372935,-0.0163630897061914,-0.12372773138352756,1.5429806269933168,
20260420_0610,xg_MSFT_rf,xgboost,6.616877786513859,0.003649679796583,0.02368631495396893,1.5795281520921531,
20260420_0610,xg_MSFT_rf,xgboost,6.328351538387568,-0.0044211691141834,-0.028122975489277266,1.535107120586242,
20260420_0610,xg_MSFT_rf,xgboost,5.1891086412276595,-0.0059018725179957,-0.031195079131135485,1.4872193324847847,
20260420_0610,xg_MSFT_rf,xgboost,6.42080735344678,-0.0141752545191959,-0.0916324278099423,1.350941814363322,
20260420_0610,xg_MSFT_rf,xgboost,6.512112077964875,-0.0079447643067506,-0.05178284796083387,1.280986199786213,
20260420_0610,xg_MSFT_rf,xgboost,6.023215435862435,-0.0012874093598198,-0.007998792249391614,1.2707398572997854,
20260420_0610,xg_MSFT_rf,xgboost,6.419411199393746,0.0059298021114209,0.03786774020247835,1.318859904080948,
20260420_0610,xg_MSFT_rf,xgboost,7.500942626989798,-0.0058553351952539,-0.04446129907519164,1.2602216794473267,
20260420_0610,xg_MSFT_rf,xgboost,6.329235563019947,-0.0044025080026539,-0.028450363748861902,1.2243679142628485,
20260420_0610,xg_MSFT_rf,xgboost,7.170165185997137,0.0093617531933949,0.06670485201568903,1.3060391947965095,
20260420_0610,xg_MSFT_rf,xgboost,7.2648966322519,0.0057228754095661,0.04152873256662659,1.360277347238746,
20260420_0610,xg_MSFT_rf,xgboost,7.688845398781589,-0.0057883819510716,-0.044717948314152114,1.2994485351320118,
20260420_0610,xg_MSFT_rf,xgboost,6.942883728207364,-0.0030985586346867,-0.021885913160949826,1.2710089173349892,
20260420_0610,xg_MSFT_rf,xgboost,7.635597827523552,0.0004553719419901,0.0031306799613166946,1.2749880394831448,
20260420_0610,xg_MSFT_rf,xgboost,7.467896327756485,0.0051845475656482,0.03863381297669948,1.3242456889480652,
20260420_0610,xg_MSFT_rf,xgboost,7.273959142479441,-0.0255330041230117,-0.18582299736818475,1.078170385775839,
20260420_0610,xg_MSFT_rf,xgboost,8.187588663257893,0.0064646231772182,0.052472860677636735,1.1347450702154085,
20260420_0610,xg_MSFT_rf,xgboost,7.519030364523315,0.0004215307551374,0.0028352233980912644,1.1379623259893519,
20260420_0610,xg_MSFT_rf,xgboost,6.988781364611102,0.0039324858599529,0.027218159394679385,1.1689355659632703,
20260420_0610,xg_MSFT_rf,xgboost,7.072932687773117,0.0012790734278176,0.009004724596092105,1.1794615088053466,
20260420_0610,xg_MSFT_rf,xgboost,7.012433887811618,0.0177441452321169,0.12439939593596674,1.3261858080304558,
20260420_0610,xg_MSFT_rf,xgboost,7.942929974699901,0.0107079590067125,0.08458732051883035,1.438364312041852,
20260420_0610,xg_MSFT_rf,xgboost,7.022146260445205,-0.0122632628237542,-0.08657481703580962,1.3138381848959904,
20260420_0610,xg_MSFT_rf,xgboost,7.971240862238789,0.0019251529153794,0.014871310284233613,1.333376680206853,
20260420_0610,xg_MSFT_rf,xgboost,6.640550212680141,-0.0030782676837111,-0.021106736446533474,1.3052334500337732,
20260420_0610,xg_MSFT_rf,xgboost,8.129410128031623,0.0186448262841585,0.15082700967215257,1.502097908226434,
20260420_0610,xg_MSFT_rf,xgboost,8.363802530187339,-0.0067190304526624,-0.05631384010146142,1.417509006805831,
20260420_0610,xg_MSFT_rf,xgboost,6.582261500223494,-0.0101466622443781,-0.06767875476192318,1.3215737623614017,
20260420_0610,xg_MSFT_rf,xgboost,6.956351679572796,0.001806545677051,0.012379921965104046,1.3379347424105648,
20260420_0610,xg_MSFT_rf,xgboost,5.948770719233827,-0.0061158012416255,-0.03688528983100514,1.28858463166178,
20260420_0610,xg_MSFT_rf,xgboost,7.482311339220436,0.008737149193587,0.06460730017364338,1.3718366057586961,
20260420_0610,xg_MSFT_rf,xgboost,6.441741347680914,0.0061392016521393,0.03902686412856695,1.4253750865782353,
20260420_0610,xg_MSFT_rf,xgboost,6.911251638428117,0.0065100173397991,0.04475761286050838,1.4891714728843175,
20260420_0610,xg_MSFT_rf,xgboost,7.069090127114857,0.0033980791037599,0.023942408199201043,1.5248258241667192,
20260420_0610,xg_MSFT_rf,xgboost,7.1996058526595705,-0.0076389783184908,-0.05506289087291829,1.4408645062104195,
20260420_0610,xg_MSFT_rf,xgboost,6.679412960216977,0.003121608690878,0.02059041710035517,1.4705325073783895,
20260420_0610,xg_MSFT_rf,xgboost,6.65947902335347,0.0216876590421222,0.14441854348822325,1.6829046702460615,
20260420_0610,xg_MSFT_rf,xgboost,8.165718237735778,-0.0086839067005294,-0.0716634549265,1.5623019072642865,
20260420_0610,xg_MSFT_rf,xgboost,6.9573532541661685,0.0016603626690583,0.010947547126883984,1.579405281020483,
20260420_0610,xg_MSFT_rf,xgboost,6.57975183145047,-0.0046679337450948,-0.030902646319734814,1.5305974782255856,
20260420_0610,xg_MSFT_rf,xgboost,5.915088094425955,-0.0218989534652077,-0.12986657079095035,1.3318240324671524,
20260420_0610,xg_MSFT_rf,xgboost,7.736593968776424,0.0060473909909688,0.045875455730386865,1.3929220669092646,
20260420_0610,xg_MSFT_rf,xgboost,6.767538730756049,-0.0009337311959395,-0.006803589651645918,1.3834451967492913,
20260420_0610,xg_MSFT_rf,xgboost,6.604121625009121,-0.0002726300873346,-0.001882190808268021,1.3808412889162274,
20260420_0610,xg_MSFT_rf,xgboost,6.375049644275871,-0.0035447995371724,-0.022712809018846803,1.349478504435735,
20260420_0610,xg_MSFT_rf,xgboost,6.868936816347739,0.0038507309847994,0.02620348424530365,1.3848395431660925,
20260420_0610,xg_MSFT_rf,xgboost,7.979124392999811,0.0062500223756363,0.049314612205908194,1.4531323682047355,
20260420_0610,xg_MSFT_rf,xgboost,7.980237538683459,0.0016835817454483,0.01343482567162692,1.4726549482493645,
20260420_0610,xg_MSFT_rf,xgboost,7.972745650428847,0.0055635545325074,0.04435305925584477,1.5379717004324815,
20260420_0610,xg_MSFT_rf,xgboost,7.875563088270779,3.838360290164822e-05,0.00025370120512802953,1.5383618857063341,
20260420_0610,xg_MSFT_rf,xgboost,6.991884331471519,0.0058590438658292,0.04052391762449587,1.6007023360393617,
20260420_0610,xg_MSFT_rf,xgboost,8.553642307579596,0.0151068088443575,0.12843736027555988,1.8062923186671798,
20260420_0610,xg_MSFT_rf,xgboost,8.173159826629716,0.0198486871281433,0.1620362510066082,2.098977154206043,
20260420_0610,xg_MSFT_rf,xgboost,7.960096802140693,-0.0009593535958009,-0.00774307900230143,2.082724608277,
20260420_0610,xg_MSFT_rf,xgboost,7.051762950525227,-0.0291570450560728,-0.20606273699901664,1.6535526750802367,
20260420_0610,xg_MSFT_rf,xgboost,7.724162620728738,-0.0151210368391234,-0.11713354737452096,1.4598661844774599,
20260420_0610,xg_MSFT_rf,xgboost,6.9661214363326,-0.0015062732980567,-0.01087190330276625,1.4439946604848426,
20260420_0610,xg_MSFT_rf,xgboost,6.5916232607072685,-0.0052220617974997,-0.0346091131010625,1.3940192859627922,
20260420_0610,xg_MSFT_rf,xgboost,7.107657809728096,-0.0139405475788699,-0.09934265914535115,1.2555337031953449,
20260420_0610,xg_MSFT_rf,xgboost,7.042685233137449,-0.0198359508777116,-0.13973084461999463,1.0800969183989897,
20260420_0610,xg_MSFT_rf,xgboost,6.802153982393208,-0.0005632641778654,-0.003951675295978688,1.0758287260892896,
20260420_0610,xg_MSFT_rf,xgboost,7.796804782909643,0.0184774833505332,0.14356800516331233,1.2302833101913164,
20260420_0610,xg_MSFT_rf,xgboost,8.735386197751493,0.0052964687079566,0.045797408940885846,1.2866270980612948,
20260420_0610,xg_MSFT_rf,xgboost,8.244250797907476,0.0048360784124728,0.03962427561084999,1.3376087648032637,
20260420_0610,xg_MSFT_rf,xgboost,6.958333438073328,-0.0153578522748283,-0.10750801570084538,1.1938051007152062,
20260420_0610,xg_MSFT_rf,xgboost,7.44894089452974,0.0136898855738041,0.1017298447639139,1.3152507082893328,
20260420_0610,xg_MSFT_rf,xgboost,7.883389860999082,-0.0052726552808722,-0.041783621665005835,1.2602947702995404,
20260420_0610,xg_MSFT_rf,xgboost,8.145662282058659,-0.0269955128951804,-0.22002746738562892,0.9829953038311795,
20260420_0610,xg_MSFT_rf,xgboost,7.450847057592299,-0.0135078610452622,-0.10099241433569067,0.883720234816623,
20260420_0610,xg_MSFT_rf,xgboost,5.940996368930837,-0.0160012863737302,-0.09581850958888433,0.7990434790229552,
20260420_0610,xg_MSFT_rf,xgboost,6.923182932293213,-0.0131889583686161,-0.09180066475400991,0.7256907564812911,
20260420_0610,xg_MSFT_rf,xgboost,6.771543172519407,0.003982067479795,0.026888921975430493,0.7452037986106077,
20260420_0610,xg_MSFT_rf,xgboost,7.912418883698672,0.0063079390903668,0.04934061852024966,0.7819726149576947,
20260420_0610,xg_MSFT_rf,xgboost,8.21564201061896,0.0178410679618996,0.14642421589863022,0.8964723419570766,
20260420_0610,xg_MSFT_rf,xgboost,8.133174440057685,0.0134089267471972,0.10901590650362947,0.9942020869709589,
20260420_0610,xg_MSFT_rf,xgboost,8.859226580046851,-0.0107112195043104,-0.09525614660729753,0.8994982272171721,
20260420_0610,xg_MSFT_rf,xgboost,7.933642942644584,0.0066976577584296,0.0526740333887126,0.9468784268706972,
20260420_0610,xg_MSFT_rf,xgboost,7.812177489674547,-0.0250408308341275,-0.1956841476916042,0.7615893289409378,
20260420_0610,xg_MSFT_rf,xgboost,8.112079727202365,0.006509927133071,0.052659096802985965,0.8016939351377597,
20260420_0610,xg_MSFT_rf,xgboost,7.4925186331349956,0.0048249128323636,0.035840968752702734,0.8304274224162634,
20260420_0610,xg_MSFT_rf,xgboost,6.391510021102954,0.0162679055690402,0.10342597716086097,0.9163151900408406,
20260420_0610,xg_MSFT_rf,xgboost,6.450133799474887,0.0020365533068591,0.013106729429818267,0.9283250853091384,
20260420_0610,xg_MSFT_rf,xgboost,6.27036935818756,-0.0273566194672616,-0.17162599067175807,0.7690003728775131,
20260420_0610,xg_MSFT_rf,xgboost,8.293871776573134,0.0102599793439019,0.08408320189941852,0.8336603864909011,
20260420_0610,xg_MSFT_rf,xgboost,6.7074776466055654,-0.0102177819583977,-0.06932874114882599,0.7758637613498431,
20260420_0610,xg_MSFT_rf,xgboost,7.755122958367496,-0.0077529458260249,-0.06064887082626612,0.7288085003089555,
20260420_0610,xg_MSFT_rf,xgboost,6.958988981739944,0.0033065416430733,0.022612119873497608,0.7452884054827656,
20260420_0610,xg_MSFT_rf,xgboost,6.902086868893827,-0.0005668130933824,-0.0039406442653748125,0.7423514890016497,
20260420_0610,xg_MSFT_rf,xgboost,7.352445041157794,0.0165085107764879,0.12115273910935648,0.832289405276109,
20260420_0610,xg_MSFT_rf,xgboost,7.297008948492567,0.0040084201787504,0.02922175986732723,0.856610366417208,
20260420_0610,xg_MSFT_rf,xgboost,8.025286507934693,-0.0020579280335144,-0.016879600861384753,0.842151125338361,
20260420_0610,xg_MSFT_rf,xgboost,7.666355592997582,0.0039800238102536,0.03033281234053268,0.8676959373856179,
20260420_0610,xg_MSFT_rf,xgboost,7.196892285353543,0.0024031254578502,0.017060303414516784,0.88249909334896,
20260420_0610,xg_MSFT_rf,xgboost,7.158393734434637,-0.0006351605156044,-0.004565978330722263,0.8784696216118466,
20260420_0610,xg_MSFT_rf,xgboost,7.174907058240438,-0.0012507456935414,-0.008982240766556925,0.8705789959644228,
20260420_0610,xg_MSFT_rf,xgboost,7.0623583976069595,0.0007801596803003,0.0054534929393264455,0.8753266923720406,
20260420_0610,xg_MSFT_rf,xgboost,6.994077615673048,-0.0079183082226432,-0.0554154026849556,0.8268201112333537,
